Workbook

Sheet marketing_data
A1: ID | B1: Year_Birth | C1: Education | D1: Marital_Status | E1: Income | F1: Kidhome | G1: Teenhome | H1: Dt_Customer | I1: Recency | J1: MntWines | K1: MntFruits | L1: MntMeatProducts | M1: MntFishProducts | N1: MntSweetProducts | O1: MntGoldProds | P1: NumDealsPurchases | Q1: NumWebPurchases | R1: NumCatalogPurchases | S1: NumStorePurchases | T1: NumWebVisitsMonth | U1: AcceptedCmp3 | V1: AcceptedCmp4 | W1: AcceptedCmp5 | X1: AcceptedCmp1 | Y1: AcceptedCmp2 | Z1: Response | AA1: Complain | AB1: Country | AC1: Age | AD1: Total Spend | AE1: Total Purchases
A2: 1826 | B2: 1970 | C2: Graduation | D2: Divorced | E2: 84835 | F2: 0 | G2: 0 | H2: 41806 | I2: 0 | J2: 189 | K2: 104 | L2: 379 | M2: 111 | N2: 189 | O2: 218 | P2: 1 | Q2: 4 | R2: 4 | S2: 6 | T2: 1 | U2: 0 | V2: 0 | W2: 0 | X2: 0 | Y2: 0 | Z2: 1 | AA2: 0 | AB2: Spain | AC2: =YEAR(TODAY()) - B2 -> 56 | AD2: =SUM(J2:O2) -> 1190 | AE2: =SUM(P2:T2) -> 16
A3: 1 | B3: 1961 | C3: Graduation | D3: Single | E3: 57091 | F3: 0 | G3: 0 | H3: 41805 | I3: 0 | J3: 464 | K3: 5 | L3: 64 | M3: 7 | N3: 0 | O3: 37 | P3: 1 | Q3: 7 | R3: 3 | S3: 7 | T3: 5 | U3: 0 | V3: 0 | W3: 0 | X3: 0 | Y3: 1 | Z3: 1 | AA3: 0 | AB3: Canada | AC3: =YEAR(TODAY()) - B3 -> 65 | AD3: =SUM(J3:O3) -> 577 | AE3: =SUM(P3:T3) -> 23
A4: 10476 | B4: 1958 | C4: Graduation | D4: Married | E4: 67267 | F4: 0 | G4: 1 | H4: 41772 | I4: 0 | J4: 134 | K4: 11 | L4: 59 | M4: 15 | N4: 2 | O4: 30 | P4: 1 | Q4: 3 | R4: 2 | S4: 5 | T4: 2 | U4: 0 | V4: 0 | W4: 0 | X4: 0 | Y4: 0 | Z4: 0 | AA4: 0 | AB4: USA | AC4: =YEAR(TODAY()) - B4 -> 68 | AD4: =SUM(J4:O4) -> 251 | AE4: =SUM(P4:T4) -> 13
A5: 1386 | B5: 1967 | C5: Graduation | D5: Together | E5: 32474 | F5: 1 | G5: 1 | H5: 41770 | I5: 0 | J5: 10 | K5: 0 | L5: 1 | M5: 0 | N5: 0 | O5: 0 | P5: 1 | Q5: 1 | R5: 0 | S5: 2 | T5: 7 | U5: 0 | V5: 0 | W5: 0 | X5: 0 | Y5: 0 | Z5: 0 | AA5: 0 | AB5: Australia | AC5: =YEAR(TODAY()) - B5 -> 59 | AD5: =SUM(J5:O5) -> 11 | AE5: =SUM(P5:T5) -> 11
A6: 5371 | B6: 1989 | C6: Graduation | D6: Single | E6: 21474 | F6: 1 | G6: 0 | H6: 41737 | I6: 0 | J6: 6 | K6: 16 | L6: 24 | M6: 11 | N6: 0 | O6: 34 | P6: 2 | Q6: 3 | R6: 1 | S6: 2 | T6: 7 | U6: 1 | V6: 0 | W6: 0 | X6: 0 | Y6: 0 | Z6: 1 | AA6: 0 | AB6: Spain | AC6: =YEAR(TODAY()) - B6 -> 37 | AD6: =SUM(J6:O6) -> 91 | AE6: =SUM(P6:T6) -> 15
A7: 7348 | B7: 1958 | C7: PhD | D7: Single | E7: 71691 | F7: 0 | G7: 0 | H7: 41715 | I7: 0 | J7: 336 | K7: 130 | L7: 411 | M7: 240 | N7: 32 | O7: 43 | P7: 1 | Q7: 4 | R7: 7 | S7: 5 | T7: 2 | U7: 0 | V7: 0 | W7: 0 | X7: 0 | Y7: 0 | Z7: 1 | AA7: 0 | AB7: Spain | AC7: =YEAR(TODAY()) - B7 -> 68 | AD7: =SUM(J7:O7) -> 1192 | AE7: =SUM(P7:T7) -> 19
A8: 4073 | B8: 1954 | C8: 2n Cycle | D8: Married | E8: 63564 | F8: 0 | G8: 0 | H8: 41668 | I8: 0 | J8: 769 | K8: 80 | L8: 252 | M8: 15 | N8: 34 | O8: 65 | P8: 1 | Q8: 10 | R8: 10 | S8: 7 | T8: 6 | U8: 1 | V8: 0 | W8: 0 | X8: 0 | Y8: 0 | Z8: 1 | AA8: 0 | AB8: Germany | AC8: =YEAR(TODAY()) - B8 -> 72 | AD8: =SUM(J8:O8) -> 1215 | AE8: =SUM(P8:T8) -> 34
A9: 1991 | B9: 1967 | C9: Graduation | D9: Together | E9: 44931 | F9: 0 | G9: 1 | H9: 41657 | I9: 0 | J9: 78 | K9: 0 | L9: 11 | M9: 0 | N9: 0 | O9: 7 | P9: 1 | Q9: 2 | R9: 1 | S9: 3 | T9: 5 | U9: 0 | V9: 0 | W9: 0 | X9: 0 | Y9: 0 | Z9: 0 | AA9: 0 | AB9: Spain | AC9: =YEAR(TODAY()) - B9 -> 59 | AD9: =SUM(J9:O9) -> 96 | AE9: =SUM(P9:T9) -> 12
A10: 4047 | B10: 1954 | C10: PhD | D10: Married | E10: 65324 | F10: 0 | G10: 1 | H10: 41650 | I10: 0 | J10: 384 | K10: 0 | L10: 102 | M10: 21 | N10: 32 | O10: 5 | P10: 3 | Q10: 6 | R10: 2 | S10: 9 | T10: 4 | U10: 0 | V10: 0 | W10: 0 | X10: 0 | Y10: 0 | Z10: 0 | AA10: 0 | AB10: USA | AC10: =YEAR(TODAY()) - B10 -> 72 | AD10: =SUM(J10:O10) -> 544 | AE10: =SUM(P10:T10) -> 24
A11: 9477 | B11: 1954 | C11: PhD | D11: Married | E11: 65324 | F11: 0 | G11: 1 | H11: 41650 | I11: 0 | J11: 384 | K11: 0 | L11: 102 | M11: 21 | N11: 32 | O11: 5 | P11: 3 | Q11: 6 | R11: 2 | S11: 9 | T11: 4 | U11: 0 | V11: 0 | W11: 0 | X11: 0 | Y11: 0 | Z11: 0 | AA11: 0 | AB11: India | AC11: =YEAR(TODAY()) - B11 -> 72 | AD11: =SUM(J11:O11) -> 544 | AE11: =SUM(P11:T11) -> 24
A12: 2079 | B12: 1947 | C12: 2n Cycle | D12: Married | E12: 81044 | F12: 0 | G12: 0 | H12: 41635 | I12: 0 | J12: 450 | K12: 26 | L12: 535 | M12: 73 | N12: 98 | O12: 26 | P12: 1 | Q12: 5 | R12: 6 | S12: 10 | T12: 1 | U12: 0 | V12: 0 | W12: 0 | X12: 0 | Y12: 0 | Z12: 0 | AA12: 0 | AB12: USA | AC12: =YEAR(TODAY()) - B12 -> 79 | AD12: =SUM(J12:O12) -> 1208 | AE12: =SUM(P12:T12) -> 23
A13: 5642 | B13: 1979 | C13: Master | D13: Together | E13: 62499 | F13: 1 | G13: 0 | H13: 41617 | I13: 0 | J13: 140 | K13: 4 | L13: 61 | M13: 0 | N13: 13 | O13: 4 | P13: 2 | Q13: 3 | R13: 1 | S13: 6 | T13: 4 | U13: 0 | V13: 0 | W13: 0 | X13: 0 | Y13: 0 | Z13: 0 | AA13: 0 | AB13: Spain | AC13: =YEAR(TODAY()) - B13 -> 47 | AD13: =SUM(J13:O13) -> 222 | AE13: =SUM(P13:T13) -> 16
... A135: 8619 | B135: 1957 | C135: Graduation | D135: Together | E135: 21994 | F135: 0 | G135: 1 | H135: 41267 | I135: 4 | J135: 9 | K135: 0 | L135: 6 | M135: 3 | N135: 1 | O135: 3 | P135: 1 | Q135: 0 | R135: 0 | S135: 3 | T135: 5 | U135: 0 | V135: 0 | W135: 0 | X135: 0 | Y135: 0 | Z135: 0 | AA135: 0 | AB135: Spain | AC135: =YEAR(TODAY()) - B135 -> 69 | AD135: =SUM(J135:O135) -> 22 | AE135: =SUM(P135:T135) -> 9
A136: 8996 | B136: 1957 | C136: PhD | D136: Married | F136: 2 | G136: 1 | H136: 41232 | I136: 4 | J136: 230 | K136: 42 | L136: 192 | M136: 49 | N136: 37 | O136: 53 | P136: 12 | Q136: 7 | R136: 2 | S136: 8 | T136: 9 | U136: 0 | V136: 0 | W136: 0 | X136: 0 | Y136: 0 | Z136: 0 | AA136: 0 | AB136: Germany | AC136: =YEAR(TODAY()) - B136 -> 69 | AD136: =SUM(J136:O136) -> 603 | AE136: =SUM(P136:T136) -> 38
A137: 7233 | B137: 1972 | C137: Graduation | D137: Married | E137: 69209 | F137: 0 | G137: 0 | H137: 41169 | I137: 4 | J137: 496 | K137: 32 | L137: 849 | M137: 229 | N137: 48 | O137: 128 | P137: 2 | Q137: 5 | R137: 3 | S137: 6 | T137: 4 | U137: 0 | V137: 0 | W137: 0 | X137: 1 | Y137: 0 | Z137: 0 | AA137: 0 | AB137: Canada | AC137: =YEAR(TODAY()) - B137 -> 54 | AD137: =SUM(J137:O137) -> 1782 | AE137: =SUM(P137:T137) -> 20
A138: 6678 | B138: 1989 | C138: Graduation | D138: Together | E138: 31928 | F138: 1 | G138: 0 | H138: 41726 | I138: 5 | J138: 33 | K138: 4 | L138: 24 | M138: 4 | N138: 2 | O138: 5 | P138: 2 | Q138: 3 | R138: 0 | S138: 4 | T138: 7 | U138: 0 | V138: 0 | W138: 0 | X138: 0 | Y138: 0 | Z138: 0 | AA138: 0 | AB138: India | AC138: =YEAR(TODAY()) - B138 -> 37 | AD138: =SUM(J138:O138) -> 72 | AE138: =SUM(P138:T138) -> 16
A139: 830 | B139: 1987 | C139: PhD | D139: Single | E139: 74004 | F139: 0 | G139: 0 | H139: 41694 | I139: 5 | J139: 784 | K139: 48 | L139: 560 | M139: 42 | N139: 176 | O139: 48 | P139: 1 | Q139: 4 | R139: 6 | S139: 4 | T139: 3 | U139: 0 | V139: 0 | W139: 1 | X139: 1 | Y139: 0 | Z139: 1 | AA139: 0 | AB139: India | AC139: =YEAR(TODAY()) - B139 -> 39 | AD139: =SUM(J139:O139) -> 1658 | AE139: =SUM(P139:T139) -> 18
A140: 6365 | B140: 1987 | C140: 2n Cycle | D140: Married | E140: 30390 | F140: 0 | G140: 0 | H140: 41519 | I140: 5 | J140: 10 | K140: 12 | L140: 12 | M140: 25 | N140: 1 | O140: 20 | P140: 1 | Q140: 2 | R140: 0 | S140: 3 | T140: 6 | U140: 0 | V140: 0 | W140: 0 | X140: 0 | Y140: 0 | Z140: 0 | AA140: 0 | AB140: India | AC140: =YEAR(TODAY()) - B140 -> 39 | AD140: =SUM(J140:O140) -> 80 | AE140: =SUM(P140:T140) -> 12
A141: 6770 | B141: 1985 | C141: Graduation | D141: Married | E141: 21355 | F141: 1 | G141: 0 | H141: 41506 | I141: 5 | J141: 5 | K141: 13 | L141: 14 | M141: 0 | N141: 5 | O141: 31 | P141: 2 | Q141: 2 | R141: 1 | S141: 2 | T141: 6 | U141: 1 | V141: 0 | W141: 0 | X141: 0 | Y141: 0 | Z141: 1 | AA141: 0 | AB141: USA | AC141: =YEAR(TODAY()) - B141 -> 41 | AD141: =SUM(J141:O141) -> 68 | AE141: =SUM(P141:T141) -> 13
A142: 2261 | B142: 1969 | C142: Graduation | D142: Married | E142: 26304 | F142: 1 | G142: 0 | H142: 41448 | I142: 5 | J142: 4 | K142: 1 | L142: 5 | M142: 2 | N142: 0 | O142: 4 | P142: 1 | Q142: 1 | R142: 0 | S142: 2 | T142: 7 | U142: 0 | V142: 0 | W142: 0 | X142: 0 | Y142: 0 | Z142: 0 | AA142: 0 | AB142: Germany | AC142: =YEAR(TODAY()) - B142 -> 57 | AD142: =SUM(J142:O142) -> 16 | AE142: =SUM(P142:T142) -> 11
A143: 1031 | B143: 1989 | C143: 2n Cycle | D143: Married | E143: 85710 | F143: 0 | G143: 0 | H143: 41399 | I143: 5 | J143: 600 | K143: 20 | L143: 350 | M143: 29 | N143: 30 | O143: 33 | P143: 1 | Q143: 6 | R143: 9 | S143: 10 | T143: 2 | U143: 0 | V143: 0 | W143: 1 | X143: 0 | Y143: 0 | Z143: 0 | AA143: 0 | AB143: India | AC143: =YEAR(TODAY()) - B143 -> 37 | AD143: =SUM(J143:O143) -> 1062 | AE143: =SUM(P143:T143) -> 28
A144: 10089 | B144: 1974 | C144: Graduation | D144: Divorced | E144: 102692 | F144: 0 | G144: 0 | H144: 41369 | I144: 5 | J144: 168 | K144: 148 | L144: 444 | M144: 32 | N144: 172 | O144: 148 | P144: 1 | Q144: 6 | R144: 9 | S144: 13 | T144: 2 | U144: 0 | V144: 1 | W144: 1 | X144: 1 | Y144: 1 | Z144: 1 | AA144: 0 | AB144: Saudi Arabia | AC144: =YEAR(TODAY()) - B144 -> 52 | AD144: =SUM(J144:O144) -> 1112 | AE144: =SUM(P144:T144) -> 31
A145: 9256 | B145: 1971 | C145: Graduation | D145: Single | E145: 58350 | F145: 0 | G145: 1 | H145: 41278 | I145: 5 | J145: 493 | K145: 26 | L145: 206 | M145: 116 | N145: 80 | O145: 80 | P145: 4 | Q145: 8 | R145: 3 | S145: 12 | T145: 6 | U145: 0 | V145: 0 | W145: 0 | X145: 0 | Y145: 0 | Z145: 0 | AA145: 0 | AB145: Spain | AC145: =YEAR(TODAY()) - B145 -> 55 | AD145: =SUM(J145:O145) -> 1001 | AE145: =SUM(P145:T145) -> 33
A146: 10641 | B146: 1978 | C146: Graduation | D146: Single | E146: 7500 | F146: 1 | G146: 1 | H146: 41270 | I146: 5 | J146: 6 | K146: 5 | L146: 4 | M146: 13 | N146: 4 | O146: 25 | P146: 4 | Q146: 2 | R146: 1 | S146: 3 | T146: 6 | U146: 0 | V146: 0 | W146: 0 | X146: 0 | Y146: 0 | Z146: 0 | AA146: 0 | AB146: Spain | AC146: =YEAR(TODAY()) - B146 -> 48 | AD146: =SUM(J146:O146) -> 57 | AE146: =SUM(P146:T146) -> 16
A147: 624 | B147: 1984 | C147: Master | D147: Single | E147: 18890 | F147: 0 | G147: 0 | H147: 41223 | I147: 5 | J147: 6 | K147: 4 | L147: 1 | M147: 7 | N147: 2 | O147: 15 | P147: 1 | Q147: 0 | R147: 1 | S147: 2 | T147: 6 | U147: 1 | V147: 0 | W147: 0 | X147: 0 | Y147: 0 | Z147: 1 | AA147: 0 | AB147: Saudi Arabia | AC147: =YEAR(TODAY()) - B147 -> 42 | AD147: =SUM(J147:O147) -> 35 | AE147: =SUM(P147:T147) -> 10
A148: 4211 | B148: 1986 | C148: Basic | D148: Married | E148: 20425 | F148: 1 | G148: 0 | H148: 41211 | I148: 5 | J148: 4 | K148: 12 | L148: 5 | M148: 3 | N148: 16 | O148: 17 | P148: 2 | Q148: 2 | R148: 0 | S148: 3 | T148: 7 | U148: 0 | V148: 0 | W148: 0 | X148: 0 | Y148: 0 | Z148: 0 | AA148: 0 | AB148: Canada | AC148: =YEAR(TODAY()) - B148 -> 40 | AD148: =SUM(J148:O148) -> 57 | AE148: =SUM(P148:T148) -> 14
... A263: 11191 | B263: 1986 | C263: Graduation | D263: Divorced | E263: 41411 | F263: 0 | G263: 0 | H263: 41615 | I263: 11 | J263: 37 | K263: 32 | L263: 38 | M263: 11 | N263: 3 | O263: 18 | P263: 1 | Q263: 2 | R263: 1 | S263: 4 | T263: 6 | U263: 0 | V263: 0 | W263: 0 | X263: 0 | Y263: 0 | Z263: 0 | AA263: 0 | AB263: Spain | AC263: =YEAR(TODAY()) - B263 -> 40 | AD263: =SUM(J263:O263) -> 139 | AE263: =SUM(P263:T263) -> 14
A264: 1994 | B264: 1983 | C264: Graduation | D264: Married | F264: 1 | G264: 0 | H264: 41593 | I264: 11 | J264: 5 | K264: 5 | L264: 6 | M264: 0 | N264: 2 | O264: 1 | P264: 1 | Q264: 1 | R264: 0 | S264: 2 | T264: 7 | U264: 0 | V264: 0 | W264: 0 | X264: 0 | Y264: 0 | Z264: 0 | AA264: 0 | AB264: USA | AC264: =YEAR(TODAY()) - B264 -> 43 | AD264: =SUM(J264:O264) -> 19 | AE264: =SUM(P264:T264) -> 11
A265: 2552 | B265: 1955 | C265: PhD | D265: Single | E265: 55521 | F265: 1 | G265: 2 | H265: 41569 | I265: 11 | J265: 416 | K265: 0 | L265: 26 | M265: 0 | N265: 0 | O265: 4 | P265: 9 | Q265: 6 | R265: 3 | S265: 6 | T265: 7 | U265: 0 | V265: 1 | W265: 0 | X265: 0 | Y265: 0 | Z265: 1 | AA265: 0 | AB265: Spain | AC265: =YEAR(TODAY()) - B265 -> 71 | AD265: =SUM(J265:O265) -> 446 | AE265: =SUM(P265:T265) -> 31
A266: 6720 | B266: 1968 | C266: Master | D266: Together | E266: 43795 | F266: 0 | G266: 1 | H266: 41563 | I266: 11 | J266: 314 | K266: 11 | L266: 53 | M266: 4 | N266: 3 | O266: 107 | P266: 3 | Q266: 7 | R266: 3 | S266: 4 | T266: 7 | U266: 0 | V266: 1 | W266: 0 | X266: 0 | Y266: 0 | Z266: 1 | AA266: 0 | AB266: Spain | AC266: =YEAR(TODAY()) - B266 -> 58 | AD266: =SUM(J266:O266) -> 492 | AE266: =SUM(P266:T266) -> 24
A267: 4557 | B267: 1970 | C267: Graduation | D267: Together | E267: 22070 | F267: 1 | G267: 0 | H267: 41551 | I267: 11 | J267: 10 | K267: 7 | L267: 19 | M267: 8 | N267: 2 | O267: 21 | P267: 2 | Q267: 2 | R267: 2 | S267: 2 | T267: 6 | U267: 0 | V267: 0 | W267: 0 | X267: 0 | Y267: 0 | Z267: 0 | AA267: 0 | AB267: Saudi Arabia | AC267: =YEAR(TODAY()) - B267 -> 56 | AD267: =SUM(J267:O267) -> 67 | AE267: =SUM(P267:T267) -> 14
A268: 1183 | B268: 1949 | C268: Master | D268: Married | E268: 36408 | F268: 1 | G268: 1 | H268: 41538 | I268: 11 | J268: 9 | K268: 1 | L268: 4 | M268: 3 | N268: 2 | O268: 3 | P268: 1 | Q268: 1 | R268: 0 | S268: 2 | T268: 6 | U268: 0 | V268: 0 | W268: 0 | X268: 0 | Y268: 0 | Z268: 0 | AA268: 0 | AB268: Germany | AC268: =YEAR(TODAY()) - B268 -> 77 | AD268: =SUM(J268:O268) -> 22 | AE268: =SUM(P268:T268) -> 10
A269: 4186 | B269: 1950 | C269: Graduation | D269: Together | E269: 34026 | F269: 1 | G269: 1 | H269: 41491 | I269: 11 | J269: 18 | K269: 6 | L269: 15 | M269: 12 | N269: 8 | O269: 17 | P269: 3 | Q269: 2 | R269: 1 | S269: 3 | T269: 5 | U269: 0 | V269: 0 | W269: 0 | X269: 0 | Y269: 0 | Z269: 0 | AA269: 0 | AB269: Canada | AC269: =YEAR(TODAY()) - B269 -> 76 | AD269: =SUM(J269:O269) -> 76 | AE269: =SUM(P269:T269) -> 14
A270: 1419 | B270: 1950 | C270: Graduation | D270: Together | E270: 34026 | F270: 1 | G270: 1 | H270: 41491 | I270: 11 | J270: 18 | K270: 6 | L270: 15 | M270: 12 | N270: 8 | O270: 17 | P270: 3 | Q270: 2 | R270: 1 | S270: 3 | T270: 5 | U270: 0 | V270: 0 | W270: 0 | X270: 0 | Y270: 0 | Z270: 0 | AA270: 0 | AB270: Spain | AC270: =YEAR(TODAY()) - B270 -> 76 | AD270: =SUM(J270:O270) -> 76 | AE270: =SUM(P270:T270) -> 14
A271: 967 | B271: 1976 | C271: Graduation | D271: Married | E271: 46049 | F271: 1 | G271: 1 | H271: 41476 | I271: 11 | J271: 342 | K271: 9 | L271: 112 | M271: 19 | N271: 14 | O271: 19 | P271: 10 | Q271: 5 | R271: 2 | S271: 9 | T271: 7 | U271: 0 | V271: 0 | W271: 0 | X271: 0 | Y271: 0 | Z271: 1 | AA271: 0 | AB271: Spain | AC271: =YEAR(TODAY()) - B271 -> 50 | AD271: =SUM(J271:O271) -> 515 | AE271: =SUM(P271:T271) -> 33
A272: 1048 | B272: 1972 | C272: Master | D272: Married | E272: 35641 | F272: 1 | G272: 0 | H272: 41469 | I272: 11 | J272: 63 | K272: 3 | L272: 67 | M272: 8 | N272: 9 | O272: 28 | P272: 2 | Q272: 3 | R272: 1 | S272: 4 | T272: 7 | U272: 0 | V272: 0 | W272: 0 | X272: 0 | Y272: 0 | Z272: 1 | AA272: 0 | AB272: Saudi Arabia | AC272: =YEAR(TODAY()) - B272 -> 54 | AD272: =SUM(J272:O272) -> 178 | AE272: =SUM(P272:T272) -> 17
A273: 9262 | B273: 1984 | C273: 2n Cycle | D273: Together | E273: 32414 | F273: 0 | G273: 0 | H273: 41459 | I273: 11 | J273: 20 | K273: 6 | L273: 5 | M273: 0 | N273: 9 | O273: 12 | P273: 1 | Q273: 1 | R273: 0 | S273: 3 | T273: 7 | U273: 1 | V273: 0 | W273: 0 | X273: 0 | Y273: 0 | Z273: 0 | AA273: 0 | AB273: Saudi Arabia | AC273: =YEAR(TODAY()) - B273 -> 42 | AD273: =SUM(J273:O273) -> 52 | AE273: =SUM(P273:T273) -> 12
A274: 3427 | B274: 1955 | C274: PhD | D274: Married | E274: 59821 | F274: 0 | G274: 1 | H274: 41376 | I274: 11 | J274: 629 | K274: 0 | L274: 70 | M274: 0 | N274: 0 | O274: 35 | P274: 6 | Q274: 11 | R274: 2 | S274: 7 | T274: 8 | U274: 0 | V274: 0 | W274: 0 | X274: 0 | Y274: 0 | Z274: 0 | AA274: 0 | AB274: Saudi Arabia | AC274: =YEAR(TODAY()) - B274 -> 71 | AD274: =SUM(J274:O274) -> 734 | AE274: =SUM(P274:T274) -> 34
A275: 5892 | B275: 1980 | C275: Graduation | D275: Married | E275: 34968 | F275: 1 | G275: 0 | H275: 41374 | I275: 11 | J275: 158 | K275: 6 | L275: 45 | M275: 8 | N275: 2 | O275: 2 | P275: 7 | Q275: 3 | R275: 2 | S275: 5 | T275: 7 | U275: 0 | V275: 0 | W275: 0 | X275: 0 | Y275: 0 | Z275: 0 | AA275: 0 | AB275: Saudi Arabia | AC275: =YEAR(TODAY()) - B275 -> 46 | AD275: =SUM(J275:O275) -> 221 | AE275: =SUM(P275:T275) -> 24
A276: 8911 | B276: 1967 | C276: PhD | D276: Married | E276: 56320 | F276: 0 | G276: 1 | H276: 41372 | I276: 11 | J276: 201 | K276: 53 | L276: 172 | M276: 116 | N276: 77 | O276: 83 | P276: 3 | Q276: 5 | R276: 4 | S276: 9 | T276: 4 | U276: 0 | V276: 0 | W276: 0 | X276: 0 | Y276: 0 | Z276: 0 | AA276: 0 | AB276: Spain | AC276: =YEAR(TODAY()) - B276 -> 59 | AD276: =SUM(J276:O276) -> 702 | AE276: =SUM(P276:T276) -> 25
... A395: 9392 | B395: 1971 | C395: Graduation | D395: Single | E395: 26954 | F395: 1 | G395: 0 | H395: 41767 | I395: 17 | J395: 4 | K395: 1 | L395: 11 | M395: 0 | N395: 0 | O395: 1 | P395: 1 | Q395: 1 | R395: 0 | S395: 2 | T395: 7 | U395: 0 | V395: 0 | W395: 0 | X395: 0 | Y395: 0 | Z395: 0 | AA395: 0 | AB395: Spain | AC395: =YEAR(TODAY()) - B395 -> 55 | AD395: =SUM(J395:O395) -> 17 | AE395: =SUM(P395:T395) -> 11
A396: 3769 | B396: 1972 | C396: PhD | D396: Together | F396: 1 | G396: 0 | H396: 41700 | I396: 17 | J396: 25 | K396: 1 | L396: 13 | M396: 0 | N396: 0 | O396: 3 | P396: 1 | Q396: 1 | R396: 0 | S396: 3 | T396: 7 | U396: 0 | V396: 0 | W396: 0 | X396: 0 | Y396: 0 | Z396: 0 | AA396: 0 | AB396: Australia | AC396: =YEAR(TODAY()) - B396 -> 54 | AD396: =SUM(J396:O396) -> 42 | AE396: =SUM(P396:T396) -> 12
A397: 10146 | B397: 1972 | C397: PhD | D397: Together | E397: 38887 | F397: 1 | G397: 0 | H397: 41700 | I397: 17 | J397: 25 | K397: 1 | L397: 13 | M397: 0 | N397: 0 | O397: 3 | P397: 1 | Q397: 1 | R397: 0 | S397: 3 | T397: 7 | U397: 0 | V397: 0 | W397: 0 | X397: 0 | Y397: 0 | Z397: 0 | AA397: 0 | AB397: Australia | AC397: =YEAR(TODAY()) - B397 -> 54 | AD397: =SUM(J397:O397) -> 42 | AE397: =SUM(P397:T397) -> 12
A398: 4741 | B398: 1974 | C398: 2n Cycle | D398: Married | E398: 65463 | F398: 1 | G398: 0 | H398: 41669 | I398: 17 | J398: 391 | K398: 32 | L398: 70 | M398: 21 | N398: 32 | O398: 16 | P398: 2 | Q398: 6 | R398: 2 | S398: 9 | T398: 5 | U398: 0 | V398: 1 | W398: 0 | X398: 0 | Y398: 0 | Z398: 0 | AA398: 0 | AB398: Spain | AC398: =YEAR(TODAY()) - B398 -> 52 | AD398: =SUM(J398:O398) -> 562 | AE398: =SUM(P398:T398) -> 24
A399: 1880 | B399: 1959 | C399: PhD | D399: Together | E399: 53537 | F399: 1 | G399: 1 | H399: 41669 | I399: 17 | J399: 81 | K399: 0 | L399: 6 | M399: 0 | N399: 0 | O399: 6 | P399: 2 | Q399: 2 | R399: 1 | S399: 3 | T399: 5 | U399: 0 | V399: 0 | W399: 0 | X399: 0 | Y399: 0 | Z399: 0 | AA399: 0 | AB399: India | AC399: =YEAR(TODAY()) - B399 -> 67 | AD399: =SUM(J399:O399) -> 93 | AE399: =SUM(P399:T399) -> 13
A400: 6471 | B400: 1971 | C400: Master | D400: Single | E400: 36230 | F400: 1 | G400: 0 | H400: 41564 | I400: 17 | J400: 14 | K400: 2 | L400: 30 | M400: 8 | N400: 2 | O400: 3 | P400: 1 | Q400: 2 | R400: 0 | S400: 4 | T400: 5 | U400: 0 | V400: 0 | W400: 0 | X400: 0 | Y400: 0 | Z400: 0 | AA400: 0 | AB400: Spain | AC400: =YEAR(TODAY()) - B400 -> 55 | AD400: =SUM(J400:O400) -> 59 | AE400: =SUM(P400:T400) -> 12
A401: 5718 | B401: 1950 | C401: Graduation | D401: Married | E401: 80763 | F401: 0 | G401: 0 | H401: 41501 | I401: 17 | J401: 674 | K401: 168 | L401: 108 | M401: 192 | N401: 42 | O401: 231 | P401: 1 | Q401: 5 | R401: 11 | S401: 6 | T401: 3 | U401: 0 | V401: 0 | W401: 1 | X401: 1 | Y401: 0 | Z401: 1 | AA401: 0 | AB401: Saudi Arabia | AC401: =YEAR(TODAY()) - B401 -> 76 | AD401: =SUM(J401:O401) -> 1415 | AE401: =SUM(P401:T401) -> 26
A402: 3478 | B402: 1971 | C402: PhD | D402: Married | E402: 60585 | F402: 1 | G402: 1 | H402: 41449 | I402: 17 | J402: 267 | K402: 42 | L402: 309 | M402: 55 | N402: 42 | O402: 21 | P402: 10 | Q402: 7 | R402: 4 | S402: 9 | T402: 5 | U402: 0 | V402: 0 | W402: 0 | X402: 0 | Y402: 0 | Z402: 1 | AA402: 0 | AB402: Canada | AC402: =YEAR(TODAY()) - B402 -> 55 | AD402: =SUM(J402:O402) -> 736 | AE402: =SUM(P402:T402) -> 35
A403: 7848 | B403: 1974 | C403: Graduation | D403: Single | E403: 49166 | F403: 0 | G403: 1 | H403: 41438 | I403: 17 | J403: 224 | K403: 2 | L403: 25 | M403: 7 | N403: 0 | O403: 110 | P403: 2 | Q403: 5 | R403: 3 | S403: 3 | T403: 6 | U403: 0 | V403: 0 | W403: 0 | X403: 0 | Y403: 0 | Z403: 0 | AA403: 0 | AB403: India | AC403: =YEAR(TODAY()) - B403 -> 52 | AD403: =SUM(J403:O403) -> 368 | AE403: =SUM(P403:T403) -> 19
A404: 7999 | B404: 1955 | C404: PhD | D404: Together | E404: 75261 | F404: 0 | G404: 0 | H404: 41387 | I404: 17 | J404: 1239 | K404: 17 | L404: 413 | M404: 23 | N404: 34 | O404: 17 | P404: 1 | Q404: 5 | R404: 6 | S404: 5 | T404: 2 | U404: 0 | V404: 1 | W404: 1 | X404: 0 | Y404: 0 | Z404: 1 | AA404: 0 | AB404: Spain | AC404: =YEAR(TODAY()) - B404 -> 71 | AD404: =SUM(J404:O404) -> 1743 | AE404: =SUM(P404:T404) -> 19
A405: 11101 | B405: 1991 | C405: Graduation | D405: Together | E405: 89891 | F405: 0 | G405: 0 | H405: 41379 | I405: 17 | J405: 412 | K405: 22 | L405: 132 | M405: 59 | N405: 28 | O405: 183 | P405: 1 | Q405: 11 | R405: 6 | S405: 8 | T405: 4 | U405: 0 | V405: 0 | W405: 1 | X405: 0 | Y405: 0 | Z405: 0 | AA405: 0 | AB405: Australia | AC405: =YEAR(TODAY()) - B405 -> 35 | AD405: =SUM(J405:O405) -> 836 | AE405: =SUM(P405:T405) -> 30
A406: 9212 | B406: 1962 | C406: Master | D406: Married | E406: 72828 | F406: 0 | G406: 1 | H406: 41319 | I406: 17 | J406: 1205 | K406: 0 | L406: 235 | M406: 19 | N406: 14 | O406: 205 | P406: 6 | Q406: 6 | R406: 3 | S406: 13 | T406: 7 | U406: 0 | V406: 0 | W406: 0 | X406: 0 | Y406: 0 | Z406: 0 | AA406: 0 | AB406: Spain | AC406: =YEAR(TODAY()) - B406 -> 64 | AD406: =SUM(J406:O406) -> 1678 | AE406: =SUM(P406:T406) -> 35
A407: 10983 | B407: 1952 | C407: Graduation | D407: Together | E407: 75278 | F407: 0 | G407: 0 | H407: 41303 | I407: 17 | J407: 304 | K407: 98 | L407: 230 | M407: 150 | N407: 74 | O407: 74 | P407: 1 | Q407: 6 | R407: 3 | S407: 13 | T407: 3 | U407: 0 | V407: 0 | W407: 0 | X407: 0 | Y407: 0 | Z407: 0 | AA407: 0 | AB407: Saudi Arabia | AC407: =YEAR(TODAY()) - B407 -> 74 | AD407: =SUM(J407:O407) -> 930 | AE407: =SUM(P407:T407) -> 26
A408: 3629 | B408: 1978 | C408: Graduation | D408: Single | E408: 38557 | F408: 1 | G408: 0 | H408: 41262 | I408: 17 | J408: 76 | K408: 3 | L408: 31 | M408: 4 | N408: 4 | O408: 27 | P408: 2 | Q408: 3 | R408: 1 | S408: 3 | T408: 7 | U408: 0 | V408: 0 | W408: 0 | X408: 0 | Y408: 0 | Z408: 0 | AA408: 0 | AB408: Canada | AC408: =YEAR(TODAY()) - B408 -> 48 | AD408: =SUM(J408:O408) -> 145 | AE408: =SUM(P408:T408) -> 16
... A450: 4967 | B450: 1960 | C450: PhD | D450: Together | E450: 38201 | F450: 0 | G450: 1 | H450: 41362 | I450: 19 | J450: 233 | K450: 0 | L450: 23 | M450: 0 | N450: 0 | O450: 12 | P450: 4 | Q450: 5 | R450: 1 | S450: 5 | T450: 8 | U450: 0 | V450: 0 | W450: 0 | X450: 0 | Y450: 0 | Z450: 0 | AA450: 0 | AB450: Saudi Arabia | AC450: =YEAR(TODAY()) - B450 -> 66 | AD450: =SUM(J450:O450) -> 268 | AE450: =SUM(P450:T450) -> 23
A451: 5255 | B451: 1986 | C451: Graduation | D451: Single | F451: 1 | G451: 0 | H451: 41325 | I451: 19 | J451: 5 | K451: 1 | L451: 3 | M451: 3 | N451: 263 | O451: 362 | P451: 0 | Q451: 27 | R451: 0 | S451: 0 | T451: 1 | U451: 0 | V451: 0 | W451: 0 | X451: 0 | Y451: 0 | Z451: 0 | AA451: 0 | AB451: Australia | AC451: =YEAR(TODAY()) - B451 -> 40 | AD451: =SUM(J451:O451) -> 637 | AE451: =SUM(P451:T451) -> 28
A452: 9215 | B452: 1980 | C452: PhD | D452: Married | E452: 43974 | F452: 1 | G452: 0 | H452: 41255 | I452: 19 | J452: 378 | K452: 0 | L452: 101 | M452: 0 | N452: 0 | O452: 72 | P452: 5 | Q452: 6 | R452: 4 | S452: 6 | T452: 7 | U452: 0 | V452: 0 | W452: 0 | X452: 0 | Y452: 0 | Z452: 0 | AA452: 0 | AB452: Canada | AC452: =YEAR(TODAY()) - B452 -> 46 | AD452: =SUM(J452:O452) -> 551 | AE452: =SUM(P452:T452) -> 28
A453: 3525 | B453: 1970 | C453: Graduation | D453: Together | E453: 38200 | F453: 1 | G453: 1 | H453: 41250 | I453: 19 | J453: 12 | K453: 0 | L453: 4 | M453: 0 | N453: 0 | O453: 1 | P453: 1 | Q453: 1 | R453: 0 | S453: 2 | T453: 7 | U453: 0 | V453: 0 | W453: 0 | X453: 0 | Y453: 0 | Z453: 0 | AA453: 0 | AB453: Spain | AC453: =YEAR(TODAY()) - B453 -> 56 | AD453: =SUM(J453:O453) -> 17 | AE453: =SUM(P453:T453) -> 11
A454: 3619 | B454: 1960 | C454: 2n Cycle | D454: Divorced | E454: 87305 | F454: 0 | G454: 0 | H454: 41175 | I454: 19 | J454: 345 | K454: 25 | L454: 501 | M454: 63 | N454: 138 | O454: 80 | P454: 1 | Q454: 5 | R454: 3 | S454: 8 | T454: 2 | U454: 0 | V454: 0 | W454: 1 | X454: 0 | Y454: 0 | Z454: 1 | AA454: 0 | AB454: Australia | AC454: =YEAR(TODAY()) - B454 -> 66 | AD454: =SUM(J454:O454) -> 1152 | AE454: =SUM(P454:T454) -> 19
A455: 4415 | B455: 1961 | C455: Graduation | D455: Married | E455: 16860 | F455: 1 | G455: 1 | H455: 41164 | I455: 19 | J455: 10 | K455: 4 | L455: 4 | M455: 3 | N455: 3 | O455: 14 | P455: 3 | Q455: 1 | R455: 1 | S455: 3 | T455: 7 | U455: 0 | V455: 0 | W455: 0 | X455: 0 | Y455: 0 | Z455: 0 | AA455: 0 | AB455: Spain | AC455: =YEAR(TODAY()) - B455 -> 65 | AD455: =SUM(J455:O455) -> 38 | AE455: =SUM(P455:T455) -> 15
A456: 3645 | B456: 1972 | C456: PhD | D456: Single | E456: 27213 | F456: 1 | G456: 0 | H456: 41151 | I456: 19 | J456: 19 | K456: 3 | L456: 26 | M456: 10 | N456: 9 | O456: 3 | P456: 3 | Q456: 2 | R456: 0 | S456: 4 | T456: 8 | U456: 0 | V456: 0 | W456: 0 | X456: 0 | Y456: 0 | Z456: 1 | AA456: 0 | AB456: Spain | AC456: =YEAR(TODAY()) - B456 -> 54 | AD456: =SUM(J456:O456) -> 70 | AE456: =SUM(P456:T456) -> 17
A457: 4692 | B457: 1976 | C457: Graduation | D457: Married | E457: 7500 | F457: 1 | G457: 0 | H457: 41122 | I457: 19 | J457: 7 | K457: 0 | L457: 12 | M457: 13 | N457: 7 | O457: 32 | P457: 5 | Q457: 4 | R457: 1 | S457: 2 | T457: 9 | U457: 1 | V457: 0 | W457: 0 | X457: 0 | Y457: 0 | Z457: 1 | AA457: 0 | AB457: Australia | AC457: =YEAR(TODAY()) - B457 -> 50 | AD457: =SUM(J457:O457) -> 71 | AE457: =SUM(P457:T457) -> 21
A458: 3955 | B458: 1965 | C458: Graduation | D458: Divorced | E458: 4861 | F458: 0 | G458: 0 | H458: 41812 | I458: 20 | J458: 2 | K458: 1 | L458: 1 | M458: 1 | N458: 0 | O458: 1 | P458: 0 | Q458: 0 | R458: 0 | S458: 0 | T458: 14 | U458: 0 | V458: 0 | W458: 0 | X458: 0 | Y458: 0 | Z458: 0 | AA458: 0 | AB458: Saudi Arabia | AC458: =YEAR(TODAY()) - B458 -> 61 | AD458: =SUM(J458:O458) -> 6 | AE458: =SUM(P458:T458) -> 14
A459: 5313 | B459: 1971 | C459: Master | D459: Married | E459: 38196 | F459: 1 | G459: 1 | H459: 41747 | I459: 20 | J459: 30 | K459: 0 | L459: 11 | M459: 0 | N459: 0 | O459: 3 | P459: 3 | Q459: 2 | R459: 0 | S459: 4 | T459: 5 | U459: 0 | V459: 0 | W459: 0 | X459: 0 | Y459: 0 | Z459: 0 | AA459: 0 | AB459: Spain | AC459: =YEAR(TODAY()) - B459 -> 55 | AD459: =SUM(J459:O459) -> 44 | AE459: =SUM(P459:T459) -> 14
A460: 7196 | B460: 1950 | C460: PhD | D460: Married | E460: 41145 | F460: 1 | G460: 1 | H460: 41678 | I460: 20 | J460: 9 | K460: 0 | L460: 3 | M460: 0 | N460: 0 | O460: 1 | P460: 1 | Q460: 0 | R460: 0 | S460: 3 | T460: 3 | U460: 0 | V460: 0 | W460: 0 | X460: 0 | Y460: 0 | Z460: 0 | AA460: 0 | AB460: Canada | AC460: =YEAR(TODAY()) - B460 -> 76 | AD460: =SUM(J460:O460) -> 13 | AE460: =SUM(P460:T460) -> 7
A461: 1381 | B461: 1982 | C461: PhD | D461: Single | E461: 38513 | F461: 1 | G461: 0 | H461: 41667 | I461: 20 | J461: 172 | K461: 3 | L461: 115 | M461: 16 | N461: 0 | O461: 18 | P461: 5 | Q461: 6 | R461: 1 | S461: 5 | T461: 8 | U461: 0 | V461: 0 | W461: 0 | X461: 0 | Y461: 0 | Z461: 1 | AA461: 0 | AB461: Spain | AC461: =YEAR(TODAY()) - B461 -> 44 | AD461: =SUM(J461:O461) -> 324 | AE461: =SUM(P461:T461) -> 25
A462: 10951 | B462: 1968 | C462: Graduation | D462: Married | E462: 45688 | F462: 0 | G462: 1 | H462: 41664 | I462: 20 | J462: 279 | K462: 0 | L462: 18 | M462: 0 | N462: 0 | O462: 9 | P462: 2 | Q462: 3 | R462: 1 | S462: 8 | T462: 4 | U462: 0 | V462: 1 | W462: 0 | X462: 0 | Y462: 0 | Z462: 0 | AA462: 0 | AB462: Spain | AC462: =YEAR(TODAY()) - B462 -> 58 | AD462: =SUM(J462:O462) -> 306 | AE462: =SUM(P462:T462) -> 18
A463: 4322 | B463: 1958 | C463: PhD | D463: Together | E463: 77863 | F463: 0 | G463: 0 | H463: 41605 | I463: 20 | J463: 881 | K463: 38 | L463: 319 | M463: 16 | N463: 25 | O463: 12 | P463: 1 | Q463: 4 | R463: 5 | S463: 10 | T463: 2 | U463: 0 | V463: 0 | W463: 0 | X463: 0 | Y463: 0 | Z463: 0 | AA463: 0 | AB463: Spain | AC463: =YEAR(TODAY()) - B463 -> 68 | AD463: =SUM(J463:O463) -> 1291 | AE463: =SUM(P463:T463) -> 22
... A526: 10711 | B526: 1945 | C526: Graduation | D526: Married | E526: 69755 | F526: 0 | G526: 0 | H526: 41549 | I526: 23 | J526: 217 | K526: 77 | L526: 373 | M526: 111 | N526: 23 | O526: 93 | P526: 1 | Q526: 3 | R526: 6 | S526: 12 | T526: 1 | U526: 0 | V526: 0 | W526: 0 | X526: 0 | Y526: 0 | Z526: 0 | AA526: 0 | AB526: Saudi Arabia | AC526: =YEAR(TODAY()) - B526 -> 81 | AD526: =SUM(J526:O526) -> 894 | AE526: =SUM(P526:T526) -> 23
A527: 8268 | B527: 1961 | C527: PhD | D527: Married | F527: 0 | G527: 1 | H527: 41466 | I527: 23 | J527: 352 | K527: 0 | L527: 27 | M527: 10 | N527: 0 | O527: 15 | P527: 3 | Q527: 6 | R527: 1 | S527: 7 | T527: 6 | U527: 0 | V527: 0 | W527: 0 | X527: 0 | Y527: 0 | Z527: 0 | AA527: 0 | AB527: Canada | AC527: =YEAR(TODAY()) - B527 -> 65 | AD527: =SUM(J527:O527) -> 404 | AE527: =SUM(P527:T527) -> 23
A528: 2782 | B528: 1961 | C528: PhD | D528: Married | E528: 54456 | F528: 0 | G528: 1 | H528: 41466 | I528: 23 | J528: 352 | K528: 0 | L528: 27 | M528: 10 | N528: 0 | O528: 15 | P528: 3 | Q528: 6 | R528: 1 | S528: 7 | T528: 6 | U528: 0 | V528: 0 | W528: 0 | X528: 0 | Y528: 0 | Z528: 0 | AA528: 0 | AB528: Spain | AC528: =YEAR(TODAY()) - B528 -> 65 | AD528: =SUM(J528:O528) -> 404 | AE528: =SUM(P528:T528) -> 23
A529: 9432 | B529: 1977 | C529: Graduation | D529: Together | E529: 666666 | F529: 1 | G529: 0 | H529: 41427 | I529: 23 | J529: 9 | K529: 14 | L529: 18 | M529: 8 | N529: 1 | O529: 12 | P529: 4 | Q529: 3 | R529: 1 | S529: 3 | T529: 6 | U529: 0 | V529: 0 | W529: 0 | X529: 0 | Y529: 0 | Z529: 0 | AA529: 0 | AB529: Saudi Arabia | AC529: =YEAR(TODAY()) - B529 -> 49 | AD529: =SUM(J529:O529) -> 62 | AE529: =SUM(P529:T529) -> 17
A530: 5872 | B530: 1951 | C530: Graduation | D530: Single | E530: 60689 | F530: 0 | G530: 1 | H530: 41426 | I530: 23 | J530: 240 | K530: 90 | L530: 216 | M530: 63 | N530: 6 | O530: 24 | P530: 4 | Q530: 4 | R530: 4 | S530: 10 | T530: 3 | U530: 0 | V530: 0 | W530: 0 | X530: 0 | Y530: 0 | Z530: 0 | AA530: 0 | AB530: USA | AC530: =YEAR(TODAY()) - B530 -> 75 | AD530: =SUM(J530:O530) -> 639 | AE530: =SUM(P530:T530) -> 25
A531: 11187 | B531: 1978 | C531: Basic | D531: Single | E531: 26487 | F531: 1 | G531: 0 | H531: 41414 | I531: 23 | J531: 2 | K531: 8 | L531: 10 | M531: 12 | N531: 14 | O531: 23 | P531: 3 | Q531: 2 | R531: 1 | S531: 3 | T531: 5 | U531: 0 | V531: 0 | W531: 0 | X531: 0 | Y531: 0 | Z531: 0 | AA531: 0 | AB531: Canada | AC531: =YEAR(TODAY()) - B531 -> 48 | AD531: =SUM(J531:O531) -> 69 | AE531: =SUM(P531:T531) -> 14
A532: 2428 | B532: 1970 | C532: Graduation | D532: Married | E532: 28164 | F532: 1 | G532: 0 | H532: 41398 | I532: 23 | J532: 3 | K532: 18 | L532: 26 | M532: 11 | N532: 8 | O532: 12 | P532: 3 | Q532: 2 | R532: 0 | S532: 4 | T532: 7 | U532: 0 | V532: 0 | W532: 0 | X532: 0 | Y532: 0 | Z532: 0 | AA532: 0 | AB532: Germany | AC532: =YEAR(TODAY()) - B532 -> 56 | AD532: =SUM(J532:O532) -> 78 | AE532: =SUM(P532:T532) -> 16
A533: 1726 | B533: 1970 | C533: Graduation | D533: Single | E533: 22585 | F533: 0 | G533: 0 | H533: 41351 | I533: 23 | J533: 3 | K533: 9 | L533: 15 | M533: 13 | N533: 2 | O533: 39 | P533: 1 | Q533: 1 | R533: 1 | S533: 2 | T533: 9 | U533: 1 | V533: 0 | W533: 0 | X533: 0 | Y533: 0 | Z533: 1 | AA533: 0 | AB533: Spain | AC533: =YEAR(TODAY()) - B533 -> 56 | AD533: =SUM(J533:O533) -> 81 | AE533: =SUM(P533:T533) -> 14
A534: 1802 | B534: 1971 | C534: Graduation | D534: Married | E534: 64795 | F534: 0 | G534: 1 | H534: 41291 | I534: 23 | J534: 412 | K534: 5 | L534: 119 | M534: 38 | N534: 29 | O534: 77 | P534: 3 | Q534: 3 | R534: 3 | S534: 12 | T534: 2 | U534: 0 | V534: 0 | W534: 0 | X534: 0 | Y534: 0 | Z534: 0 | AA534: 0 | AB534: Spain | AC534: =YEAR(TODAY()) - B534 -> 55 | AD534: =SUM(J534:O534) -> 680 | AE534: =SUM(P534:T534) -> 23
A535: 1162 | B535: 1987 | C535: PhD | D535: Single | E535: 42000 | F535: 0 | G535: 0 | H535: 41284 | I535: 23 | J535: 124 | K535: 83 | L535: 267 | M535: 85 | N535: 59 | O535: 35 | P535: 2 | Q535: 5 | R535: 2 | S535: 11 | T535: 5 | U535: 0 | V535: 0 | W535: 0 | X535: 0 | Y535: 0 | Z535: 1 | AA535: 0 | AB535: Spain | AC535: =YEAR(TODAY()) - B535 -> 39 | AD535: =SUM(J535:O535) -> 653 | AE535: =SUM(P535:T535) -> 25
A536: 10643 | B536: 1987 | C536: PhD | D536: Single | E536: 42000 | F536: 0 | G536: 0 | H536: 41284 | I536: 23 | J536: 124 | K536: 83 | L536: 267 | M536: 85 | N536: 59 | O536: 35 | P536: 2 | Q536: 5 | R536: 2 | S536: 11 | T536: 5 | U536: 0 | V536: 0 | W536: 0 | X536: 0 | Y536: 0 | Z536: 1 | AA536: 0 | AB536: Australia | AC536: =YEAR(TODAY()) - B536 -> 39 | AD536: =SUM(J536:O536) -> 653 | AE536: =SUM(P536:T536) -> 25
A537: 11112 | B537: 1966 | C537: Graduation | D537: Together | E537: 70713 | F537: 0 | G537: 1 | H537: 41246 | I537: 23 | J537: 736 | K537: 114 | L537: 279 | M537: 82 | N537: 76 | O537: 190 | P537: 6 | Q537: 5 | R537: 6 | S537: 8 | T537: 3 | U537: 0 | V537: 0 | W537: 0 | X537: 0 | Y537: 0 | Z537: 0 | AA537: 0 | AB537: Spain | AC537: =YEAR(TODAY()) - B537 -> 60 | AD537: =SUM(J537:O537) -> 1477 | AE537: =SUM(P537:T537) -> 28
A538: 2114 | B538: 1946 | C538: PhD | D538: Single | E538: 82800 | F538: 0 | G538: 0 | H538: 41237 | I538: 23 | J538: 1006 | K538: 22 | L538: 115 | M538: 59 | N538: 68 | O538: 45 | P538: 1 | Q538: 7 | R538: 6 | S538: 12 | T538: 3 | U538: 0 | V538: 0 | W538: 1 | X538: 1 | Y538: 0 | Z538: 1 | AA538: 0 | AB538: USA | AC538: =YEAR(TODAY()) - B538 -> 80 | AD538: =SUM(J538:O538) -> 1315 | AE538: =SUM(P538:T538) -> 29
A539: 4261 | B539: 1946 | C539: PhD | D539: Single | E539: 82800 | F539: 0 | G539: 0 | H539: 41237 | I539: 23 | J539: 1006 | K539: 22 | L539: 115 | M539: 59 | N539: 68 | O539: 45 | P539: 1 | Q539: 7 | R539: 6 | S539: 12 | T539: 3 | U539: 0 | V539: 0 | W539: 1 | X539: 1 | Y539: 0 | Z539: 1 | AA539: 0 | AB539: Saudi Arabia | AC539: =YEAR(TODAY()) - B539 -> 80 | AD539: =SUM(J539:O539) -> 1315 | AE539: =SUM(P539:T539) -> 29
... A591: 1351 | B591: 1956 | C591: Master | D591: Together | E591: 58656 | F591: 0 | G591: 1 | H591: 41172 | I591: 25 | J591: 962 | K591: 12 | L591: 194 | M591: 16 | N591: 24 | O591: 12 | P591: 4 | Q591: 7 | R591: 8 | S591: 13 | T591: 6 | U591: 0 | V591: 0 | W591: 1 | X591: 0 | Y591: 0 | Z591: 0 | AA591: 0 | AB591: Spain | AC591: =YEAR(TODAY()) - B591 -> 70 | AD591: =SUM(J591:O591) -> 1220 | AE591: =SUM(P591:T591) -> 38
A592: 10629 | B592: 1973 | C592: 2n Cycle | D592: Married | F592: 1 | G592: 0 | H592: 41166 | I592: 25 | J592: 25 | K592: 3 | L592: 43 | M592: 17 | N592: 4 | O592: 17 | P592: 3 | Q592: 3 | R592: 0 | S592: 3 | T592: 8 | U592: 0 | V592: 0 | W592: 0 | X592: 0 | Y592: 0 | Z592: 0 | AA592: 0 | AB592: Germany | AC592: =YEAR(TODAY()) - B592 -> 53 | AD592: =SUM(J592:O592) -> 109 | AE592: =SUM(P592:T592) -> 17
A593: 10395 | B593: 1986 | C593: Basic | D593: Single | E593: 8940 | F593: 1 | G593: 0 | H593: 41143 | I593: 25 | J593: 1 | K593: 45 | L593: 3 | M593: 4 | N593: 6 | O593: 42 | P593: 3 | Q593: 3 | R593: 1 | S593: 3 | T593: 8 | U593: 0 | V593: 0 | W593: 0 | X593: 0 | Y593: 0 | Z593: 0 | AA593: 0 | AB593: Spain | AC593: =YEAR(TODAY()) - B593 -> 40 | AD593: =SUM(J593:O593) -> 101 | AE593: =SUM(P593:T593) -> 18
A594: 6961 | B594: 1974 | C594: Graduation | D594: Married | E594: 26751 | F594: 2 | G594: 0 | H594: 41781 | I594: 26 | J594: 1 | K594: 1 | L594: 5 | M594: 0 | N594: 3 | O594: 1 | P594: 1 | Q594: 1 | R594: 0 | S594: 2 | T594: 8 | U594: 0 | V594: 0 | W594: 0 | X594: 0 | Y594: 0 | Z594: 0 | AA594: 0 | AB594: Spain | AC594: =YEAR(TODAY()) - B594 -> 52 | AD594: =SUM(J594:O594) -> 11 | AE594: =SUM(P594:T594) -> 12
A595: 10196 | B595: 1978 | C595: Graduation | D595: Married | E595: 71427 | F595: 2 | G595: 0 | H595: 41710 | I595: 26 | J595: 212 | K595: 123 | L595: 177 | M595: 15 | N595: 64 | O595: 23 | P595: 2 | Q595: 8 | R595: 2 | S595: 8 | T595: 4 | U595: 0 | V595: 0 | W595: 0 | X595: 0 | Y595: 0 | Z595: 0 | AA595: 0 | AB595: USA | AC595: =YEAR(TODAY()) - B595 -> 48 | AD595: =SUM(J595:O595) -> 614 | AE595: =SUM(P595:T595) -> 24
A596: 6182 | B596: 1984 | C596: Graduation | D596: Together | E596: 26646 | F596: 1 | G596: 0 | H596: 41680 | I596: 26 | J596: 11 | K596: 4 | L596: 20 | M596: 10 | N596: 3 | O596: 5 | P596: 2 | Q596: 2 | R596: 0 | S596: 4 | T596: 6 | U596: 0 | V596: 0 | W596: 0 | X596: 0 | Y596: 0 | Z596: 0 | AA596: 0 | AB596: USA | AC596: =YEAR(TODAY()) - B596 -> 42 | AD596: =SUM(J596:O596) -> 53 | AE596: =SUM(P596:T596) -> 14
A597: 10432 | B597: 1974 | C597: Graduation | D597: Divorced | E597: 19346 | F597: 1 | G597: 0 | H597: 41669 | I597: 26 | J597: 2 | K597: 0 | L597: 9 | M597: 3 | N597: 6 | O597: 2 | P597: 1 | Q597: 1 | R597: 0 | S597: 3 | T597: 8 | U597: 0 | V597: 0 | W597: 0 | X597: 0 | Y597: 0 | Z597: 0 | AA597: 0 | AB597: Canada | AC597: =YEAR(TODAY()) - B597 -> 52 | AD597: =SUM(J597:O597) -> 22 | AE597: =SUM(P597:T597) -> 13
A598: 1542 | B598: 1975 | C598: Graduation | D598: Single | E598: 56243 | F598: 1 | G598: 2 | H598: 41638 | I598: 26 | J598: 347 | K598: 0 | L598: 35 | M598: 4 | N598: 3 | O598: 7 | P598: 6 | Q598: 4 | R598: 2 | S598: 8 | T598: 5 | U598: 0 | V598: 0 | W598: 0 | X598: 0 | Y598: 0 | Z598: 0 | AA598: 0 | AB598: USA | AC598: =YEAR(TODAY()) - B598 -> 51 | AD598: =SUM(J598:O598) -> 396 | AE598: =SUM(P598:T598) -> 25
A599: 4220 | B599: 1970 | C599: PhD | D599: Married | E599: 59892 | F599: 0 | G599: 1 | H599: 41580 | I599: 26 | J599: 73 | K599: 0 | L599: 13 | M599: 0 | N599: 1 | O599: 0 | P599: 1 | Q599: 2 | R599: 1 | S599: 3 | T599: 3 | U599: 0 | V599: 0 | W599: 0 | X599: 0 | Y599: 0 | Z599: 0 | AA599: 0 | AB599: Canada | AC599: =YEAR(TODAY()) - B599 -> 56 | AD599: =SUM(J599:O599) -> 87 | AE599: =SUM(P599:T599) -> 10
A600: 4141 | B600: 1965 | C600: Graduation | D600: Together | E600: 71613 | F600: 0 | G600: 0 | H600: 41507 | I600: 26 | J600: 426 | K600: 49 | L600: 127 | M600: 111 | N600: 21 | O600: 42 | P600: 1 | Q600: 8 | R600: 2 | S600: 10 | T600: 4 | U600: 0 | V600: 0 | W600: 0 | X600: 0 | Y600: 0 | Z600: 0 | AA600: 0 | AB600: USA | AC600: =YEAR(TODAY()) - B600 -> 61 | AD600: =SUM(J600:O600) -> 776 | AE600: =SUM(P600:T600) -> 25
A601: 1940 | B601: 1986 | C601: Graduation | D601: Married | E601: 25252 | F601: 1 | G601: 0 | H601: 41467 | I601: 26 | J601: 1 | K601: 3 | L601: 4 | M601: 2 | N601: 2 | O601: 6 | P601: 1 | Q601: 1 | R601: 0 | S601: 2 | T601: 8 | U601: 0 | V601: 0 | W601: 0 | X601: 0 | Y601: 0 | Z601: 0 | AA601: 0 | AB601: Australia | AC601: =YEAR(TODAY()) - B601 -> 40 | AD601: =SUM(J601:O601) -> 18 | AE601: =SUM(P601:T601) -> 12
A602: 1506 | B602: 1975 | C602: Graduation | D602: Single | E602: 42160 | F602: 1 | G602: 1 | H602: 41453 | I602: 26 | J602: 48 | K602: 9 | L602: 45 | M602: 3 | N602: 15 | O602: 20 | P602: 4 | Q602: 2 | R602: 1 | S602: 4 | T602: 6 | U602: 0 | V602: 0 | W602: 0 | X602: 0 | Y602: 0 | Z602: 1 | AA602: 0 | AB602: Spain | AC602: =YEAR(TODAY()) - B602 -> 51 | AD602: =SUM(J602:O602) -> 140 | AE602: =SUM(P602:T602) -> 17
A603: 6347 | B603: 1979 | C603: Basic | D603: Single | E603: 15862 | F603: 1 | G603: 0 | H603: 41452 | I603: 26 | J603: 1 | K603: 1 | L603: 4 | M603: 11 | N603: 9 | O603: 10 | P603: 1 | Q603: 1 | R603: 0 | S603: 3 | T603: 8 | U603: 0 | V603: 0 | W603: 0 | X603: 0 | Y603: 0 | Z603: 0 | AA603: 0 | AB603: Spain | AC603: =YEAR(TODAY()) - B603 -> 47 | AD603: =SUM(J603:O603) -> 36 | AE603: =SUM(P603:T603) -> 13
A604: 1361 | B604: 1974 | C604: Master | D604: Married | E604: 82584 | F604: 0 | G604: 0 | H604: 41429 | I604: 26 | J604: 1076 | K604: 68 | L604: 103 | M604: 29 | N604: 91 | O604: 68 | P604: 1 | Q604: 3 | R604: 4 | S604: 8 | T604: 1 | U604: 0 | V604: 1 | W604: 1 | X604: 0 | Y604: 0 | Z604: 1 | AA604: 0 | AB604: Spain | AC604: =YEAR(TODAY()) - B604 -> 52 | AD604: =SUM(J604:O604) -> 1435 | AE604: =SUM(P604:T604) -> 17
... A900: 6197 | B900: 1962 | C900: PhD | D900: Single | E900: 27238 | F900: 1 | G900: 1 | H900: 41384 | I900: 39 | J900: 37 | K900: 0 | L900: 17 | M900: 0 | N900: 0 | O900: 3 | P900: 3 | Q900: 3 | R900: 0 | S900: 3 | T900: 9 | U900: 0 | V900: 0 | W900: 0 | X900: 0 | Y900: 0 | Z900: 0 | AA900: 0 | AB900: Spain | AC900: =YEAR(TODAY()) - B900 -> 64 | AD900: =SUM(J900:O900) -> 57 | AE900: =SUM(P900:T900) -> 18
A901: 10475 | B901: 1970 | C901: Master | D901: Together | F901: 0 | G901: 1 | H901: 41365 | I901: 39 | J901: 187 | K901: 5 | L901: 65 | M901: 26 | N901: 20 | O901: 14 | P901: 2 | Q901: 4 | R901: 2 | S901: 6 | T901: 5 | U901: 0 | V901: 0 | W901: 0 | X901: 0 | Y901: 0 | Z901: 0 | AA901: 0 | AB901: USA | AC901: =YEAR(TODAY()) - B901 -> 56 | AD901: =SUM(J901:O901) -> 317 | AE901: =SUM(P901:T901) -> 19
A902: 4201 | B902: 1962 | C902: Graduation | D902: Single | E902: 57967 | F902: 0 | G902: 1 | H902: 41336 | I902: 39 | J902: 229 | K902: 7 | L902: 137 | M902: 4 | N902: 0 | O902: 91 | P902: 5 | Q902: 4 | R902: 2 | S902: 8 | T902: 5 | U902: 0 | V902: 0 | W902: 0 | X902: 0 | Y902: 0 | Z902: 0 | AA902: 0 | AB902: India | AC902: =YEAR(TODAY()) - B902 -> 64 | AD902: =SUM(J902:O902) -> 468 | AE902: =SUM(P902:T902) -> 24
...

Sheet marketing_data (2)
A1: ID | B1: Year_Birth | C1: Education | D1: Marital_Status | E1: Income | F1: Kidhome | G1: Teenhome | H1: Dt_Customer | I1: Recency | J1: MntWines | K1: MntFruits | L1: MntMeatProducts | M1: MntFishProducts | N1: MntSweetProducts | O1: MntGoldProds | P1: NumDealsPurchases | Q1: NumWebPurchases | R1: NumCatalogPurchases | S1: NumStorePurchases | T1: NumWebVisitsMonth | U1: AcceptedCmp3 | V1: AcceptedCmp4 | W1: AcceptedCmp5 | X1: AcceptedCmp1 | Y1: AcceptedCmp2 | Z1: Response | AA1: Complain | AB1: Country | AC1: Age | AD1: Total Spend | AE1: Total Purchases | AF1: Income Band | AG1: Age Band | AH1: Recency Band | AI1: Spending Band | AJ1: Total Campaigns Accepted | AK1: Total Accepted Band
A2: 1826 | B2: 1970 | C2: Graduation | D2: Divorced | E2: 84835 | F2: 0 | G2: 0 | H2: 41806 | I2: 0 | J2: 189 | K2: 104 | L2: 379 | M2: 111 | N2: 189 | O2: 218 | P2: 1 | Q2: 4 | R2: 4 | S2: 6 | T2: 1 | U2: 0 | V2: 0 | W2: 0 | X2: 0 | Y2: 0 | Z2: 1 | AA2: 0 | AB2: Spain | AC2: =YEAR(TODAY()) - B2 -> 56 | AD2: =SUM(J2:O2) -> 1190 | AE2: =SUM(P2:T2) -> 16 | AF2: =IF(Table2[[#This Row],[ Income ]]<=30000, "Low Income",IF(Table2[[#This Row],[ Income ]]<=60000,"Middle Income",IF(Table2[[#This Row],[ Income ]]<=90000,"High Income","Premium"))) -> High Income | AG2: =IF(Table2[[#This Row],[Age]]<30,"Young Adults", IF(Table2[[#This Row],[Age]]<45,"Adults",IF(Table2[[#This Row],[Age]]<60,"Middle Aged", "Senior"))) -> Middle Aged | AH2: =IF(Table2[[#This Row],[Recency]]<31,"Active",IF(Table2[[#This Row],[Recency]]<61, "Warm","At Risk")) -> Active | AI2: =IF(Table2[[#This Row],[Total Spend]]<70,"Low Value", IF(Table2[[#This Row],[Total Spend]]<370,"Medium Value",IF(Table2[[#This Row],[Total Spend]]<1047,"High Value","VIP"))) -> VIP | AJ2: =SUM(Table2[[#This Row],[AcceptedCmp3]:[Response]]) -> 1 | AK2: =IF(Table2[[#This Row],[Total Campaigns Accepted]]=0,"Never Responded", IF(Table2[[#This Row],[Total Campaigns Accepted]]<3,"Occasional Responders","Frequent Responders")) -> Occasional Responders
A3: 1 | B3: 1961 | C3: Graduation | D3: Single | E3: 57091 | F3: 0 | G3: 0 | H3: 41805 | I3: 0 | J3: 464 | K3: 5 | L3: 64 | M3: 7 | N3: 0 | O3: 37 | P3: 1 | Q3: 7 | R3: 3 | S3: 7 | T3: 5 | U3: 0 | V3: 0 | W3: 0 | X3: 0 | Y3: 1 | Z3: 1 | AA3: 0 | AB3: Canada | AC3: =YEAR(TODAY()) - B3 -> 65 | AD3: =SUM(J3:O3) -> 577 | AE3: =SUM(P3:T3) -> 23 | AF3: =IF(Table2[[#This Row],[ Income ]]<=30000, "Low Income",IF(Table2[[#This Row],[ Income ]]<=60000,"Middle Income",IF(Table2[[#This Row],[ Income ]]<=90000,"High Income","Premium"))) -> Middle Income | AG3: =IF(Table2[[#This Row],[Age]]<30,"Young Adults", IF(Table2[[#This Row],[Age]]<45,"Adults",IF(Table2[[#This Row],[Age]]<60,"Middle Aged", "Senior"))) -> Senior | AH3: =IF(Table2[[#This Row],[Recency]]<31,"Active",IF(Table2[[#This Row],[Recency]]<61, "Warm","At Risk")) -> Active | AI3: =IF(Table2[[#This Row],[Total Spend]]<70,"Low Value", IF(Table2[[#This Row],[Total Spend]]<370,"Medium Value",IF(Table2[[#This Row],[Total Spend]]<1047,"High Value","VIP"))) -> High Value | AJ3: =SUM(Table2[[#This Row],[AcceptedCmp3]:[Response]]) -> 2 | AK3: =IF(Table2[[#This Row],[Total Campaigns Accepted]]=0,"Never Responded", IF(Table2[[#This Row],[Total Campaigns Accepted]]<3,"Occasional Responders","Frequent Responders")) -> Occasional Responders
A4: 10476 | B4: 1958 | C4: Graduation | D4: Married | E4: 67267 | F4: 0 | G4: 1 | H4: 41772 | I4: 0 | J4: 134 | K4: 11 | L4: 59 | M4: 15 | N4: 2 | O4: 30 | P4: 1 | Q4: 3 | R4: 2 | S4: 5 | T4: 2 | U4: 0 | V4: 0 | W4: 0 | X4: 0 | Y4: 0 | Z4: 0 | AA4: 0 | AB4: USA | AC4: =YEAR(TODAY()) - B4 -> 68 | AD4: =SUM(J4:O4) -> 251 | AE4: =SUM(P4:T4) -> 13 | AF4: =IF(Table2[[#This Row],[ Income ]]<=30000, "Low Income",IF(Table2[[#This Row],[ Income ]]<=60000,"Middle Income",IF(Table2[[#This Row],[ Income ]]<=90000,"High Income","Premium"))) -> High Income | AG4: =IF(Table2[[#This Row],[Age]]<30,"Young Adults", IF(Table2[[#This Row],[Age]]<45,"Adults",IF(Table2[[#This Row],[Age]]<60,"Middle Aged", "Senior"))) -> Senior | AH4: =IF(Table2[[#This Row],[Recency]]<31,"Active",IF(Table2[[#This Row],[Recency]]<61, "Warm","At Risk")) -> Active | AI4: =IF(Table2[[#This Row],[Total Spend]]<70,"Low Value", IF(Table2[[#This Row],[Total Spend]]<370,"Medium Value",IF(Table2[[#This Row],[Total Spend]]<1047,"High Value","VIP"))) -> Medium Value | AJ4: =SUM(Table2[[#This Row],[AcceptedCmp3]:[Response]]) -> 0 | AK4: =IF(Table2[[#This Row],[Total Campaigns Accepted]]=0,"Never Responded", IF(Table2[[#This Row],[Total Campaigns Accepted]]<3,"Occasional Responders","Frequent Responders")) -> Never Responded
A5: 1386 | B5: 1967 | C5: Graduation | D5: Together | E5: 32474 | F5: 1 | G5: 1 | H5: 41770 | I5: 0 | J5: 10 | K5: 0 | L5: 1 | M5: 0 | N5: 0 | O5: 0 | P5: 1 | Q5: 1 | R5: 0 | S5: 2 | T5: 7 | U5: 0 | V5: 0 | W5: 0 | X5: 0 | Y5: 0 | Z5: 0 | AA5: 0 | AB5: Australia | AC5: =YEAR(TODAY()) - B5 -> 59 | AD5: =SUM(J5:O5) -> 11 | AE5: =SUM(P5:T5) -> 11 | AF5: =IF(Table2[[#This Row],[ Income ]]<=30000, "Low Income",IF(Table2[[#This Row],[ Income ]]<=60000,"Middle Income",IF(Table2[[#This Row],[ Income ]]<=90000,"High Income","Premium"))) -> Middle Income | AG5: =IF(Table2[[#This Row],[Age]]<30,"Young Adults", IF(Table2[[#This Row],[Age]]<45,"Adults",IF(Table2[[#This Row],[Age]]<60,"Middle Aged", "Senior"))) -> Middle Aged | AH5: =IF(Table2[[#This Row],[Recency]]<31,"Active",IF(Table2[[#This Row],[Recency]]<61, "Warm","At Risk")) -> Active | AI5: =IF(Table2[[#This Row],[Total Spend]]<70,"Low Value", IF(Table2[[#This Row],[Total Spend]]<370,"Medium Value",IF(Table2[[#This Row],[Total Spend]]<1047,"High Value","VIP"))) -> Low Value | AJ5: =SUM(Table2[[#This Row],[AcceptedCmp3]:[Response]]) -> 0 | AK5: =IF(Table2[[#This Row],[Total Campaigns Accepted]]=0,"Never Responded", IF(Table2[[#This Row],[Total Campaigns Accepted]]<3,"Occasional Responders","Frequent Responders")) -> Never Responded
A6: 5371 | B6: 1989 | C6: Graduation | D6: Single | E6: 21474 | F6: 1 | G6: 0 | H6: 41737 | I6: 0 | J6: 6 | K6: 16 | L6: 24 | M6: 11 | N6: 0 | O6: 34 | P6: 2 | Q6: 3 | R6: 1 | S6: 2 | T6: 7 | U6: 1 | V6: 0 | W6: 0 | X6: 0 | Y6: 0 | Z6: 1 | AA6: 0 | AB6: Spain | AC6: =YEAR(TODAY()) - B6 -> 37 | AD6: =SUM(J6:O6) -> 91 | AE6: =SUM(P6:T6) -> 15 | AF6: =IF(Table2[[#This Row],[ Income ]]<=30000, "Low Income",IF(Table2[[#This Row],[ Income ]]<=60000,"Middle Income",IF(Table2[[#This Row],[ Income ]]<=90000,"High Income","Premium"))) -> Low Income | AG6: =IF(Table2[[#This Row],[Age]]<30,"Young Adults", IF(Table2[[#This Row],[Age]]<45,"Adults",IF(Table2[[#This Row],[Age]]<60,"Middle Aged", "Senior"))) -> Adults | AH6: =IF(Table2[[#This Row],[Recency]]<31,"Active",IF(Table2[[#This Row],[Recency]]<61, "Warm","At Risk")) -> Active | AI6: =IF(Table2[[#This Row],[Total Spend]]<70,"Low Value", IF(Table2[[#This Row],[Total Spend]]<370,"Medium Value",IF(Table2[[#This Row],[Total Spend]]<1047,"High Value","VIP"))) -> Medium Value | AJ6: =SUM(Table2[[#This Row],[AcceptedCmp3]:[Response]]) -> 2 | AK6: =IF(Table2[[#This Row],[Total Campaigns Accepted]]=0,"Never Responded", IF(Table2[[#This Row],[Total Campaigns Accepted]]<3,"Occasional Responders","Frequent Responders")) -> Occasional Responders
A7: 7348 | B7: 1958 | C7: PhD | D7: Single | E7: 71691 | F7: 0 | G7: 0 | H7: 41715 | I7: 0 | J7: 336 | K7: 130 | L7: 411 | M7: 240 | N7: 32 | O7: 43 | P7: 1 | Q7: 4 | R7: 7 | S7: 5 | T7: 2 | U7: 0 | V7: 0 | W7: 0 | X7: 0 | Y7: 0 | Z7: 1 | AA7: 0 | AB7: Spain | AC7: =YEAR(TODAY()) - B7 -> 68 | AD7: =SUM(J7:O7) -> 1192 | AE7: =SUM(P7:T7) -> 19 | AF7: =IF(Table2[[#This Row],[ Income ]]<=30000, "Low Income",IF(Table2[[#This Row],[ Income ]]<=60000,"Middle Income",IF(Table2[[#This Row],[ Income ]]<=90000,"High Income","Premium"))) -> High Income | AG7: =IF(Table2[[#This Row],[Age]]<30,"Young Adults", IF(Table2[[#This Row],[Age]]<45,"Adults",IF(Table2[[#This Row],[Age]]<60,"Middle Aged", "Senior"))) -> Senior | AH7: =IF(Table2[[#This Row],[Recency]]<31,"Active",IF(Table2[[#This Row],[Recency]]<61, "Warm","At Risk")) -> Active | AI7: =IF(Table2[[#This Row],[Total Spend]]<70,"Low Value", IF(Table2[[#This Row],[Total Spend]]<370,"Medium Value",IF(Table2[[#This Row],[Total Spend]]<1047,"High Value","VIP"))) -> VIP | AJ7: =SUM(Table2[[#This Row],[AcceptedCmp3]:[Response]]) -> 1 | AK7: =IF(Table2[[#This Row],[Total Campaigns Accepted]]=0,"Never Responded", IF(Table2[[#This Row],[Total Campaigns Accepted]]<3,"Occasional Responders","Frequent Responders")) -> Occasional Responders
A8: 4073 | B8: 1954 | C8: 2n Cycle | D8: Married | E8: 63564 | F8: 0 | G8: 0 | H8: 41668 | I8: 0 | J8: 769 | K8: 80 | L8: 252 | M8: 15 | N8: 34 | O8: 65 | P8: 1 | Q8: 10 | R8: 10 | S8: 7 | T8: 6 | U8: 1 | V8: 0 | W8: 0 | X8: 0 | Y8: 0 | Z8: 1 | AA8: 0 | AB8: Germany | AC8: =YEAR(TODAY()) - B8 -> 72 | AD8: =SUM(J8:O8) -> 1215 | AE8: =SUM(P8:T8) -> 34 | AF8: =IF(Table2[[#This Row],[ Income ]]<=30000, "Low Income",IF(Table2[[#This Row],[ Income ]]<=60000,"Middle Income",IF(Table2[[#This Row],[ Income ]]<=90000,"High Income","Premium"))) -> High Income | AG8: =IF(Table2[[#This Row],[Age]]<30,"Young Adults", IF(Table2[[#This Row],[Age]]<45,"Adults",IF(Table2[[#This Row],[Age]]<60,"Middle Aged", "Senior"))) -> Senior | AH8: =IF(Table2[[#This Row],[Recency]]<31,"Active",IF(Table2[[#This Row],[Recency]]<61, "Warm","At Risk")) -> Active | AI8: =IF(Table2[[#This Row],[Total Spend]]<70,"Low Value", IF(Table2[[#This Row],[Total Spend]]<370,"Medium Value",IF(Table2[[#This Row],[Total Spend]]<1047,"High Value","VIP"))) -> VIP | AJ8: =SUM(Table2[[#This Row],[AcceptedCmp3]:[Response]]) -> 2 | AK8: =IF(Table2[[#This Row],[Total Campaigns Accepted]]=0,"Never Responded", IF(Table2[[#This Row],[Total Campaigns Accepted]]<3,"Occasional Responders","Frequent Responders")) -> Occasional Responders
A9: 1991 | B9: 1967 | C9: Graduation | D9: Together | E9: 44931 | F9: 0 | G9: 1 | H9: 41657 | I9: 0 | J9: 78 | K9: 0 | L9: 11 | M9: 0 | N9: 0 | O9: 7 | P9: 1 | Q9: 2 | R9: 1 | S9: 3 | T9: 5 | U9: 0 | V9: 0 | W9: 0 | X9: 0 | Y9: 0 | Z9: 0 | AA9: 0 | AB9: Spain | AC9: =YEAR(TODAY()) - B9 -> 59 | AD9: =SUM(J9:O9) -> 96 | AE9: =SUM(P9:T9) -> 12 | AF9: =IF(Table2[[#This Row],[ Income ]]<=30000, "Low Income",IF(Table2[[#This Row],[ Income ]]<=60000,"Middle Income",IF(Table2[[#This Row],[ Income ]]<=90000,"High Income","Premium"))) -> Middle Income | AG9: =IF(Table2[[#This Row],[Age]]<30,"Young Adults", IF(Table2[[#This Row],[Age]]<45,"Adults",IF(Table2[[#This Row],[Age]]<60,"Middle Aged", "Senior"))) -> Middle Aged | AH9: =IF(Table2[[#This Row],[Recency]]<31,"Active",IF(Table2[[#This Row],[Recency]]<61, "Warm","At Risk")) -> Active | AI9: =IF(Table2[[#This Row],[Total Spend]]<70,"Low Value", IF(Table2[[#This Row],[Total Spend]]<370,"Medium Value",IF(Table2[[#This Row],[Total Spend]]<1047,"High Value","VIP"))) -> Medium Value | AJ9: =SUM(Table2[[#This Row],[AcceptedCmp3]:[Response]]) -> 0 | AK9: =IF(Table2[[#This Row],[Total Campaigns Accepted]]=0,"Never Responded", IF(Table2[[#This Row],[Total Campaigns Accepted]]<3,"Occasional Responders","Frequent Responders")) -> Never Responded
A10: 4047 | B10: 1954 | C10: PhD | D10: Married | E10: 65324 | F10: 0 | G10: 1 | H10: 41650 | I10: 0 | J10: 384 | K10: 0 | L10: 102 | M10: 21 | N10: 32 | O10: 5 | P10: 3 | Q10: 6 | R10: 2 | S10: 9 | T10: 4 | U10: 0 | V10: 0 | W10: 0 | X10: 0 | Y10: 0 | Z10: 0 | AA10: 0 | AB10: USA | AC10: =YEAR(TODAY()) - B10 -> 72 | AD10: =SUM(J10:O10) -> 544 | AE10: =SUM(P10:T10) -> 24 | AF10: =IF(Table2[[#This Row],[ Income ]]<=30000, "Low Income",IF(Table2[[#This Row],[ Income ]]<=60000,"Middle Income",IF(Table2[[#This Row],[ Income ]]<=90000,"High Income","Premium"))) -> High Income | AG10: =IF(Table2[[#This Row],[Age]]<30,"Young Adults", IF(Table2[[#This Row],[Age]]<45,"Adults",IF(Table2[[#This Row],[Age]]<60,"Middle Aged", "Senior"))) -> Senior | AH10: =IF(Table2[[#This Row],[Recency]]<31,"Active",IF(Table2[[#This Row],[Recency]]<61, "Warm","At Risk")) -> Active | AI10: =IF(Table2[[#This Row],[Total Spend]]<70,"Low Value", IF(Table2[[#This Row],[Total Spend]]<370,"Medium Value",IF(Table2[[#This Row],[Total Spend]]<1047,"High Value","VIP"))) -> High Value | AJ10: =SUM(Table2[[#This Row],[AcceptedCmp3]:[Response]]) -> 0 | AK10: =IF(Table2[[#This Row],[Total Campaigns Accepted]]=0,"Never Responded", IF(Table2[[#This Row],[Total Campaigns Accepted]]<3,"Occasional Responders","Frequent Responders")) -> Never Responded
A11: 9477 | B11: 1954 | C11: PhD | D11: Married | E11: 65324 | F11: 0 | G11: 1 | H11: 41650 | I11: 0 | J11: 384 | K11: 0 | L11: 102 | M11: 21 | N11: 32 | O11: 5 | P11: 3 | Q11: 6 | R11: 2 | S11: 9 | T11: 4 | U11: 0 | V11: 0 | W11: 0 | X11: 0 | Y11: 0 | Z11: 0 | AA11: 0 | AB11: India | AC11: =YEAR(TODAY()) - B11 -> 72 | AD11: =SUM(J11:O11) -> 544 | AE11: =SUM(P11:T11) -> 24 | AF11: =IF(Table2[[#This Row],[ Income ]]<=30000, "Low Income",IF(Table2[[#This Row],[ Income ]]<=60000,"Middle Income",IF(Table2[[#This Row],[ Income ]]<=90000,"High Income","Premium"))) -> High Income | AG11: =IF(Table2[[#This Row],[Age]]<30,"Young Adults", IF(Table2[[#This Row],[Age]]<45,"Adults",IF(Table2[[#This Row],[Age]]<60,"Middle Aged", "Senior"))) -> Senior | AH11: =IF(Table2[[#This Row],[Recency]]<31,"Active",IF(Table2[[#This Row],[Recency]]<61, "Warm","At Risk")) -> Active | AI11: =IF(Table2[[#This Row],[Total Spend]]<70,"Low Value", IF(Table2[[#This Row],[Total Spend]]<370,"Medium Value",IF(Table2[[#This Row],[Total Spend]]<1047,"High Value","VIP"))) -> High Value | AJ11: =SUM(Table2[[#This Row],[AcceptedCmp3]:[Response]]) -> 0 | AK11: =IF(Table2[[#This Row],[Total Campaigns Accepted]]=0,"Never Responded", IF(Table2[[#This Row],[Total Campaigns Accepted]]<3,"Occasional Responders","Frequent Responders")) -> Never Responded
A12: 2079 | B12: 1947 | C12: 2n Cycle | D12: Married | E12: 81044 | F12: 0 | G12: 0 | H12: 41635 | I12: 0 | J12: 450 | K12: 26 | L12: 535 | M12: 73 | N12: 98 | O12: 26 | P12: 1 | Q12: 5 | R12: 6 | S12: 10 | T12: 1 | U12: 0 | V12: 0 | W12: 0 | X12: 0 | Y12: 0 | Z12: 0 | AA12: 0 | AB12: USA | AC12: =YEAR(TODAY()) - B12 -> 79 | AD12: =SUM(J12:O12) -> 1208 | AE12: =SUM(P12:T12) -> 23 | AF12: =IF(Table2[[#This Row],[ Income ]]<=30000, "Low Income",IF(Table2[[#This Row],[ Income ]]<=60000,"Middle Income",IF(Table2[[#This Row],[ Income ]]<=90000,"High Income","Premium"))) -> High Income | AG12: =IF(Table2[[#This Row],[Age]]<30,"Young Adults", IF(Table2[[#This Row],[Age]]<45,"Adults",IF(Table2[[#This Row],[Age]]<60,"Middle Aged", "Senior"))) -> Senior | AH12: =IF(Table2[[#This Row],[Recency]]<31,"Active",IF(Table2[[#This Row],[Recency]]<61, "Warm","At Risk")) -> Active | AI12: =IF(Table2[[#This Row],[Total Spend]]<70,"Low Value", IF(Table2[[#This Row],[Total Spend]]<370,"Medium Value",IF(Table2[[#This Row],[Total Spend]]<1047,"High Value","VIP"))) -> VIP | AJ12: =SUM(Table2[[#This Row],[AcceptedCmp3]:[Response]]) -> 0 | AK12: =IF(Table2[[#This Row],[Total Campaigns Accepted]]=0,"Never Responded", IF(Table2[[#This Row],[Total Campaigns Accepted]]<3,"Occasional Responders","Frequent Responders")) -> Never Responded
A13: 5642 | B13: 1979 | C13: Master | D13: Together | E13: 62499 | F13: 1 | G13: 0 | H13: 41617 | I13: 0 | J13: 140 | K13: 4 | L13: 61 | M13: 0 | N13: 13 | O13: 4 | P13: 2 | Q13: 3 | R13: 1 | S13: 6 | T13: 4 | U13: 0 | V13: 0 | W13: 0 | X13: 0 | Y13: 0 | Z13: 0 | AA13: 0 | AB13: Spain | AC13: =YEAR(TODAY()) - B13 -> 47 | AD13: =SUM(J13:O13) -> 222 | AE13: =SUM(P13:T13) -> 16 | AF13: =IF(Table2[[#This Row],[ Income ]]<=30000, "Low Income",IF(Table2[[#This Row],[ Income ]]<=60000,"Middle Income",IF(Table2[[#This Row],[ Income ]]<=90000,"High Income","Premium"))) -> High Income | AG13: =IF(Table2[[#This Row],[Age]]<30,"Young Adults", IF(Table2[[#This Row],[Age]]<45,"Adults",IF(Table2[[#This Row],[Age]]<60,"Middle Aged", "Senior"))) -> Middle Aged | AH13: =IF(Table2[[#This Row],[Recency]]<31,"Active",IF(Table2[[#This Row],[Recency]]<61, "Warm","At Risk")) -> Active | AI13: =IF(Table2[[#This Row],[Total Spend]]<70,"Low Value", IF(Table2[[#This Row],[Total Spend]]<370,"Medium Value",IF(Table2[[#This Row],[Total Spend]]<1047,"High Value","VIP"))) -> Medium Value | AJ13: =SUM(Table2[[#This Row],[AcceptedCmp3]:[Response]]) -> 0 | AK13: =IF(Table2[[#This Row],[Total Campaigns Accepted]]=0,"Never Responded", IF(Table2[[#This Row],[Total Campaigns Accepted]]<3,"Occasional Responders","Frequent Responders")) -> Never Responded
... A135: 8619 | B135: 1957 | C135: Graduation | D135: Together | E135: 21994 | F135: 0 | G135: 1 | H135: 41267 | I135: 4 | J135: 9 | K135: 0 | L135: 6 | M135: 3 | N135: 1 | O135: 3 | P135: 1 | Q135: 0 | R135: 0 | S135: 3 | T135: 5 | U135: 0 | V135: 0 | W135: 0 | X135: 0 | Y135: 0 | Z135: 0 | AA135: 0 | AB135: Spain | AC135: =YEAR(TODAY()) - B135 -> 69 | AD135: =SUM(J135:O135) -> 22 | AE135: =SUM(P135:T135) -> 9 | AF135: =IF(Table2[[#This Row],[ Income ]]<=30000, "Low Income",IF(Table2[[#This Row],[ Income ]]<=60000,"Middle Income",IF(Table2[[#This Row],[ Income ]]<=90000,"High Income","Premium"))) -> Low Income | AG135: =IF(Table2[[#This Row],[Age]]<30,"Young Adults", IF(Table2[[#This Row],[Age]]<45,"Adults",IF(Table2[[#This Row],[Age]]<60,"Middle Aged", "Senior"))) -> Senior | AH135: =IF(Table2[[#This Row],[Recency]]<31,"Active",IF(Table2[[#This Row],[Recency]]<61, "Warm","At Risk")) -> Active | AI135: =IF(Table2[[#This Row],[Total Spend]]<70,"Low Value", IF(Table2[[#This Row],[Total Spend]]<370,"Medium Value",IF(Table2[[#This Row],[Total Spend]]<1047,"High Value","VIP"))) -> Low Value | AJ135: =SUM(Table2[[#This Row],[AcceptedCmp3]:[Response]]) -> 0 | AK135: =IF(Table2[[#This Row],[Total Campaigns Accepted]]=0,"Never Responded", IF(Table2[[#This Row],[Total Campaigns Accepted]]<3,"Occasional Responders","Frequent Responders")) -> Never Responded
A136: 8996 | B136: 1957 | C136: PhD | D136: Married | F136: 2 | G136: 1 | H136: 41232 | I136: 4 | J136: 230 | K136: 42 | L136: 192 | M136: 49 | N136: 37 | O136: 53 | P136: 12 | Q136: 7 | R136: 2 | S136: 8 | T136: 9 | U136: 0 | V136: 0 | W136: 0 | X136: 0 | Y136: 0 | Z136: 0 | AA136: 0 | AB136: Germany | AC136: =YEAR(TODAY()) - B136 -> 69 | AD136: =SUM(J136:O136) -> 603 | AE136: =SUM(P136:T136) -> 38 | AF136: =IF(Table2[[#This Row],[ Income ]]<=30000, "Low Income",IF(Table2[[#This Row],[ Income ]]<=60000,"Middle Income",IF(Table2[[#This Row],[ Income ]]<=90000,"High Income","Premium"))) -> Low Income | AG136: =IF(Table2[[#This Row],[Age]]<30,"Young Adults", IF(Table2[[#This Row],[Age]]<45,"Adults",IF(Table2[[#This Row],[Age]]<60,"Middle Aged", "Senior"))) -> Senior | AH136: =IF(Table2[[#This Row],[Recency]]<31,"Active",IF(Table2[[#This Row],[Recency]]<61, "Warm","At Risk")) -> Active | AI136: =IF(Table2[[#This Row],[Total Spend]]<70,"Low Value", IF(Table2[[#This Row],[Total Spend]]<370,"Medium Value",IF(Table2[[#This Row],[Total Spend]]<1047,"High Value","VIP"))) -> High Value | AJ136: =SUM(Table2[[#This Row],[AcceptedCmp3]:[Response]]) -> 0 | AK136: =IF(Table2[[#This Row],[Total Campaigns Accepted]]=0,"Never Responded", IF(Table2[[#This Row],[Total Campaigns Accepted]]<3,"Occasional Responders","Frequent Responders")) -> Never Responded
A137: 7233 | B137: 1972 | C137: Graduation | D137: Married | E137: 69209 | F137: 0 | G137: 0 | H137: 41169 | I137: 4 | J137: 496 | K137: 32 | L137: 849 | M137: 229 | N137: 48 | O137: 128 | P137: 2 | Q137: 5 | R137: 3 | S137: 6 | T137: 4 | U137: 0 | V137: 0 | W137: 0 | X137: 1 | Y137: 0 | Z137: 0 | AA137: 0 | AB137: Canada | AC137: =YEAR(TODAY()) - B137 -> 54 | AD137: =SUM(J137:O137) -> 1782 | AE137: =SUM(P137:T137) -> 20 | AF137: =IF(Table2[[#This Row],[ Income ]]<=30000, "Low Income",IF(Table2[[#This Row],[ Income ]]<=60000,"Middle Income",IF(Table2[[#This Row],[ Income ]]<=90000,"High Income","Premium"))) -> High Income | AG137: =IF(Table2[[#This Row],[Age]]<30,"Young Adults", IF(Table2[[#This Row],[Age]]<45,"Adults",IF(Table2[[#This Row],[Age]]<60,"Middle Aged", "Senior"))) -> Middle Aged | AH137: =IF(Table2[[#This Row],[Recency]]<31,"Active",IF(Table2[[#This Row],[Recency]]<61, "Warm","At Risk")) -> Active | AI137: =IF(Table2[[#This Row],[Total Spend]]<70,"Low Value", IF(Table2[[#This Row],[Total Spend]]<370,"Medium Value",IF(Table2[[#This Row],[Total Spend]]<1047,"High Value","VIP"))) -> VIP | AJ137: =SUM(Table2[[#This Row],[AcceptedCmp3]:[Response]]) -> 1 | AK137: =IF(Table2[[#This Row],[Total Campaigns Accepted]]=0,"Never Responded", IF(Table2[[#This Row],[Total Campaigns Accepted]]<3,"Occasional Responders","Frequent Responders")) -> Occasional Responders
A138: 6678 | B138: 1989 | C138: Graduation | D138: Together | E138: 31928 | F138: 1 | G138: 0 | H138: 41726 | I138: 5 | J138: 33 | K138: 4 | L138: 24 | M138: 4 | N138: 2 | O138: 5 | P138: 2 | Q138: 3 | R138: 0 | S138: 4 | T138: 7 | U138: 0 | V138: 0 | W138: 0 | X138: 0 | Y138: 0 | Z138: 0 | AA138: 0 | AB138: India | AC138: =YEAR(TODAY()) - B138 -> 37 | AD138: =SUM(J138:O138) -> 72 | AE138: =SUM(P138:T138) -> 16 | AF138: =IF(Table2[[#This Row],[ Income ]]<=30000, "Low Income",IF(Table2[[#This Row],[ Income ]]<=60000,"Middle Income",IF(Table2[[#This Row],[ Income ]]<=90000,"High Income","Premium"))) -> Middle Income | AG138: =IF(Table2[[#This Row],[Age]]<30,"Young Adults", IF(Table2[[#This Row],[Age]]<45,"Adults",IF(Table2[[#This Row],[Age]]<60,"Middle Aged", "Senior"))) -> Adults | AH138: =IF(Table2[[#This Row],[Recency]]<31,"Active",IF(Table2[[#This Row],[Recency]]<61, "Warm","At Risk")) -> Active | AI138: =IF(Table2[[#This Row],[Total Spend]]<70,"Low Value", IF(Table2[[#This Row],[Total Spend]]<370,"Medium Value",IF(Table2[[#This Row],[Total Spend]]<1047,"High Value","VIP"))) -> Medium Value | AJ138: =SUM(Table2[[#This Row],[AcceptedCmp3]:[Response]]) -> 0 | AK138: =IF(Table2[[#This Row],[Total Campaigns Accepted]]=0,"Never Responded", IF(Table2[[#This Row],[Total Campaigns Accepted]]<3,"Occasional Responders","Frequent Responders")) -> Never Responded
A139: 830 | B139: 1987 | C139: PhD | D139: Single | E139: 74004 | F139: 0 | G139: 0 | H139: 41694 | I139: 5 | J139: 784 | K139: 48 | L139: 560 | M139: 42 | N139: 176 | O139: 48 | P139: 1 | Q139: 4 | R139: 6 | S139: 4 | T139: 3 | U139: 0 | V139: 0 | W139: 1 | X139: 1 | Y139: 0 | Z139: 1 | AA139: 0 | AB139: India | AC139: =YEAR(TODAY()) - B139 -> 39 | AD139: =SUM(J139:O139) -> 1658 | AE139: =SUM(P139:T139) -> 18 | AF139: =IF(Table2[[#This Row],[ Income ]]<=30000, "Low Income",IF(Table2[[#This Row],[ Income ]]<=60000,"Middle Income",IF(Table2[[#This Row],[ Income ]]<=90000,"High Income","Premium"))) -> High Income | AG139: =IF(Table2[[#This Row],[Age]]<30,"Young Adults", IF(Table2[[#This Row],[Age]]<45,"Adults",IF(Table2[[#This Row],[Age]]<60,"Middle Aged", "Senior"))) -> Adults | AH139: =IF(Table2[[#This Row],[Recency]]<31,"Active",IF(Table2[[#This Row],[Recency]]<61, "Warm","At Risk")) -> Active | AI139: =IF(Table2[[#This Row],[Total Spend]]<70,"Low Value", IF(Table2[[#This Row],[Total Spend]]<370,"Medium Value",IF(Table2[[#This Row],[Total Spend]]<1047,"High Value","VIP"))) -> VIP | AJ139: =SUM(Table2[[#This Row],[AcceptedCmp3]:[Response]]) -> 3 | AK139: =IF(Table2[[#This Row],[Total Campaigns Accepted]]=0,"Never Responded", IF(Table2[[#This Row],[Total Campaigns Accepted]]<3,"Occasional Responders","Frequent Responders")) -> Frequent Responders
A140: 6365 | B140: 1987 | C140: 2n Cycle | D140: Married | E140: 30390 | F140: 0 | G140: 0 | H140: 41519 | I140: 5 | J140: 10 | K140: 12 | L140: 12 | M140: 25 | N140: 1 | O140: 20 | P140: 1 | Q140: 2 | R140: 0 | S140: 3 | T140: 6 | U140: 0 | V140: 0 | W140: 0 | X140: 0 | Y140: 0 | Z140: 0 | AA140: 0 | AB140: India | AC140: =YEAR(TODAY()) - B140 -> 39 | AD140: =SUM(J140:O140) -> 80 | AE140: =SUM(P140:T140) -> 12 | AF140: =IF(Table2[[#This Row],[ Income ]]<=30000, "Low Income",IF(Table2[[#This Row],[ Income ]]<=60000,"Middle Income",IF(Table2[[#This Row],[ Income ]]<=90000,"High Income","Premium"))) -> Middle Income | AG140: =IF(Table2[[#This Row],[Age]]<30,"Young Adults", IF(Table2[[#This Row],[Age]]<45,"Adults",IF(Table2[[#This Row],[Age]]<60,"Middle Aged", "Senior"))) -> Adults | AH140: =IF(Table2[[#This Row],[Recency]]<31,"Active",IF(Table2[[#This Row],[Recency]]<61, "Warm","At Risk")) -> Active | AI140: =IF(Table2[[#This Row],[Total Spend]]<70,"Low Value", IF(Table2[[#This Row],[Total Spend]]<370,"Medium Value",IF(Table2[[#This Row],[Total Spend]]<1047,"High Value","VIP"))) -> Medium Value | AJ140: =SUM(Table2[[#This Row],[AcceptedCmp3]:[Response]]) -> 0 | AK140: =IF(Table2[[#This Row],[Total Campaigns Accepted]]=0,"Never Responded", IF(Table2[[#This Row],[Total Campaigns Accepted]]<3,"Occasional Responders","Frequent Responders")) -> Never Responded
A141: 6770 | B141: 1985 | C141: Graduation | D141: Married | E141: 21355 | F141: 1 | G141: 0 | H141: 41506 | I141: 5 | J141: 5 | K141: 13 | L141: 14 | M141: 0 | N141: 5 | O141: 31 | P141: 2 | Q141: 2 | R141: 1 | S141: 2 | T141: 6 | U141: 1 | V141: 0 | W141: 0 | X141: 0 | Y141: 0 | Z141: 1 | AA141: 0 | AB141: USA | AC141: =YEAR(TODAY()) - B141 -> 41 | AD141: =SUM(J141:O141) -> 68 | AE141: =SUM(P141:T141) -> 13 | AF141: =IF(Table2[[#This Row],[ Income ]]<=30000, "Low Income",IF(Table2[[#This Row],[ Income ]]<=60000,"Middle Income",IF(Table2[[#This Row],[ Income ]]<=90000,"High Income","Premium"))) -> Low Income | AG141: =IF(Table2[[#This Row],[Age]]<30,"Young Adults", IF(Table2[[#This Row],[Age]]<45,"Adults",IF(Table2[[#This Row],[Age]]<60,"Middle Aged", "Senior"))) -> Adults | AH141: =IF(Table2[[#This Row],[Recency]]<31,"Active",IF(Table2[[#This Row],[Recency]]<61, "Warm","At Risk")) -> Active | AI141: =IF(Table2[[#This Row],[Total Spend]]<70,"Low Value", IF(Table2[[#This Row],[Total Spend]]<370,"Medium Value",IF(Table2[[#This Row],[Total Spend]]<1047,"High Value","VIP"))) -> Low Value | AJ141: =SUM(Table2[[#This Row],[AcceptedCmp3]:[Response]]) -> 2 | AK141: =IF(Table2[[#This Row],[Total Campaigns Accepted]]=0,"Never Responded", IF(Table2[[#This Row],[Total Campaigns Accepted]]<3,"Occasional Responders","Frequent Responders")) -> Occasional Responders
A142: 2261 | B142: 1969 | C142: Graduation | D142: Married | E142: 26304 | F142: 1 | G142: 0 | H142: 41448 | I142: 5 | J142: 4 | K142: 1 | L142: 5 | M142: 2 | N142: 0 | O142: 4 | P142: 1 | Q142: 1 | R142: 0 | S142: 2 | T142: 7 | U142: 0 | V142: 0 | W142: 0 | X142: 0 | Y142: 0 | Z142: 0 | AA142: 0 | AB142: Germany | AC142: =YEAR(TODAY()) - B142 -> 57 | AD142: =SUM(J142:O142) -> 16 | AE142: =SUM(P142:T142) -> 11 | AF142: =IF(Table2[[#This Row],[ Income ]]<=30000, "Low Income",IF(Table2[[#This Row],[ Income ]]<=60000,"Middle Income",IF(Table2[[#This Row],[ Income ]]<=90000,"High Income","Premium"))) -> Low Income | AG142: =IF(Table2[[#This Row],[Age]]<30,"Young Adults", IF(Table2[[#This Row],[Age]]<45,"Adults",IF(Table2[[#This Row],[Age]]<60,"Middle Aged", "Senior"))) -> Middle Aged | AH142: =IF(Table2[[#This Row],[Recency]]<31,"Active",IF(Table2[[#This Row],[Recency]]<61, "Warm","At Risk")) -> Active | AI142: =IF(Table2[[#This Row],[Total Spend]]<70,"Low Value", IF(Table2[[#This Row],[Total Spend]]<370,"Medium Value",IF(Table2[[#This Row],[Total Spend]]<1047,"High Value","VIP"))) -> Low Value | AJ142: =SUM(Table2[[#This Row],[AcceptedCmp3]:[Response]]) -> 0 | AK142: =IF(Table2[[#This Row],[Total Campaigns Accepted]]=0,"Never Responded", IF(Table2[[#This Row],[Total Campaigns Accepted]]<3,"Occasional Responders","Frequent Responders")) -> Never Responded
A143: 1031 | B143: 1989 | C143: 2n Cycle | D143: Married | E143: 85710 | F143: 0 | G143: 0 | H143: 41399 | I143: 5 | J143: 600 | K143: 20 | L143: 350 | M143: 29 | N143: 30 | O143: 33 | P143: 1 | Q143: 6 | R143: 9 | S143: 10 | T143: 2 | U143: 0 | V143: 0 | W143: 1 | X143: 0 | Y143: 0 | Z143: 0 | AA143: 0 | AB143: India | AC143: =YEAR(TODAY()) - B143 -> 37 | AD143: =SUM(J143:O143) -> 1062 | AE143: =SUM(P143:T143) -> 28 | AF143: =IF(Table2[[#This Row],[ Income ]]<=30000, "Low Income",IF(Table2[[#This Row],[ Income ]]<=60000,"Middle Income",IF(Table2[[#This Row],[ Income ]]<=90000,"High Income","Premium"))) -> High Income | AG143: =IF(Table2[[#This Row],[Age]]<30,"Young Adults", IF(Table2[[#This Row],[Age]]<45,"Adults",IF(Table2[[#This Row],[Age]]<60,"Middle Aged", "Senior"))) -> Adults | AH143: =IF(Table2[[#This Row],[Recency]]<31,"Active",IF(Table2[[#This Row],[Recency]]<61, "Warm","At Risk")) -> Active | AI143: =IF(Table2[[#This Row],[Total Spend]]<70,"Low Value", IF(Table2[[#This Row],[Total Spend]]<370,"Medium Value",IF(Table2[[#This Row],[Total Spend]]<1047,"High Value","VIP"))) -> VIP | AJ143: =SUM(Table2[[#This Row],[AcceptedCmp3]:[Response]]) -> 1 | AK143: =IF(Table2[[#This Row],[Total Campaigns Accepted]]=0,"Never Responded", IF(Table2[[#This Row],[Total Campaigns Accepted]]<3,"Occasional Responders","Frequent Responders")) -> Occasional Responders
A144: 10089 | B144: 1974 | C144: Graduation | D144: Divorced | E144: 102692 | F144: 0 | G144: 0 | H144: 41369 | I144: 5 | J144: 168 | K144: 148 | L144: 444 | M144: 32 | N144: 172 | O144: 148 | P144: 1 | Q144: 6 | R144: 9 | S144: 13 | T144: 2 | U144: 0 | V144: 1 | W144: 1 | X144: 1 | Y144: 1 | Z144: 1 | AA144: 0 | AB144: Saudi Arabia | AC144: =YEAR(TODAY()) - B144 -> 52 | AD144: =SUM(J144:O144) -> 1112 | AE144: =SUM(P144:T144) -> 31 | AF144: =IF(Table2[[#This Row],[ Income ]]<=30000, "Low Income",IF(Table2[[#This Row],[ Income ]]<=60000,"Middle Income",IF(Table2[[#This Row],[ Income ]]<=90000,"High Income","Premium"))) -> Premium | AG144: =IF(Table2[[#This Row],[Age]]<30,"Young Adults", IF(Table2[[#This Row],[Age]]<45,"Adults",IF(Table2[[#This Row],[Age]]<60,"Middle Aged", "Senior"))) -> Middle Aged | AH144: =IF(Table2[[#This Row],[Recency]]<31,"Active",IF(Table2[[#This Row],[Recency]]<61, "Warm","At Risk")) -> Active | AI144: =IF(Table2[[#This Row],[Total Spend]]<70,"Low Value", IF(Table2[[#This Row],[Total Spend]]<370,"Medium Value",IF(Table2[[#This Row],[Total Spend]]<1047,"High Value","VIP"))) -> VIP | AJ144: =SUM(Table2[[#This Row],[AcceptedCmp3]:[Response]]) -> 5 | AK144: =IF(Table2[[#This Row],[Total Campaigns Accepted]]=0,"Never Responded", IF(Table2[[#This Row],[Total Campaigns Accepted]]<3,"Occasional Responders","Frequent Responders")) -> Frequent Responders
A145: 9256 | B145: 1971 | C145: Graduation | D145: Single | E145: 58350 | F145: 0 | G145: 1 | H145: 41278 | I145: 5 | J145: 493 | K145: 26 | L145: 206 | M145: 116 | N145: 80 | O145: 80 | P145: 4 | Q145: 8 | R145: 3 | S145: 12 | T145: 6 | U145: 0 | V145: 0 | W145: 0 | X145: 0 | Y145: 0 | Z145: 0 | AA145: 0 | AB145: Spain | AC145: =YEAR(TODAY()) - B145 -> 55 | AD145: =SUM(J145:O145) -> 1001 | AE145: =SUM(P145:T145) -> 33 | AF145: =IF(Table2[[#This Row],[ Income ]]<=30000, "Low Income",IF(Table2[[#This Row],[ Income ]]<=60000,"Middle Income",IF(Table2[[#This Row],[ Income ]]<=90000,"High Income","Premium"))) -> Middle Income | AG145: =IF(Table2[[#This Row],[Age]]<30,"Young Adults", IF(Table2[[#This Row],[Age]]<45,"Adults",IF(Table2[[#This Row],[Age]]<60,"Middle Aged", "Senior"))) -> Middle Aged | AH145: =IF(Table2[[#This Row],[Recency]]<31,"Active",IF(Table2[[#This Row],[Recency]]<61, "Warm","At Risk")) -> Active | AI145: =IF(Table2[[#This Row],[Total Spend]]<70,"Low Value", IF(Table2[[#This Row],[Total Spend]]<370,"Medium Value",IF(Table2[[#This Row],[Total Spend]]<1047,"High Value","VIP"))) -> High Value | AJ145: =SUM(Table2[[#This Row],[AcceptedCmp3]:[Response]]) -> 0 | AK145: =IF(Table2[[#This Row],[Total Campaigns Accepted]]=0,"Never Responded", IF(Table2[[#This Row],[Total Campaigns Accepted]]<3,"Occasional Responders","Frequent Responders")) -> Never Responded
A146: 10641 | B146: 1978 | C146: Graduation | D146: Single | E146: 7500 | F146: 1 | G146: 1 | H146: 41270 | I146: 5 | J146: 6 | K146: 5 | L146: 4 | M146: 13 | N146: 4 | O146: 25 | P146: 4 | Q146: 2 | R146: 1 | S146: 3 | T146: 6 | U146: 0 | V146: 0 | W146: 0 | X146: 0 | Y146: 0 | Z146: 0 | AA146: 0 | AB146: Spain | AC146: =YEAR(TODAY()) - B146 -> 48 | AD146: =SUM(J146:O146) -> 57 | AE146: =SUM(P146:T146) -> 16 | AF146: =IF(Table2[[#This Row],[ Income ]]<=30000, "Low Income",IF(Table2[[#This Row],[ Income ]]<=60000,"Middle Income",IF(Table2[[#This Row],[ Income ]]<=90000,"High Income","Premium"))) -> Low Income | AG146: =IF(Table2[[#This Row],[Age]]<30,"Young Adults", IF(Table2[[#This Row],[Age]]<45,"Adults",IF(Table2[[#This Row],[Age]]<60,"Middle Aged", "Senior"))) -> Middle Aged | AH146: =IF(Table2[[#This Row],[Recency]]<31,"Active",IF(Table2[[#This Row],[Recency]]<61, "Warm","At Risk")) -> Active | AI146: =IF(Table2[[#This Row],[Total Spend]]<70,"Low Value", IF(Table2[[#This Row],[Total Spend]]<370,"Medium Value",IF(Table2[[#This Row],[Total Spend]]<1047,"High Value","VIP"))) -> Low Value | AJ146: =SUM(Table2[[#This Row],[AcceptedCmp3]:[Response]]) -> 0 | AK146: =IF(Table2[[#This Row],[Total Campaigns Accepted]]=0,"Never Responded", IF(Table2[[#This Row],[Total Campaigns Accepted]]<3,"Occasional Responders","Frequent Responders")) -> Never Responded
A147: 624 | B147: 1984 | C147: Master | D147: Single | E147: 18890 | F147: 0 | G147: 0 | H147: 41223 | I147: 5 | J147: 6 | K147: 4 | L147: 1 | M147: 7 | N147: 2 | O147: 15 | P147: 1 | Q147: 0 | R147: 1 | S147: 2 | T147: 6 | U147: 1 | V147: 0 | W147: 0 | X147: 0 | Y147: 0 | Z147: 1 | AA147: 0 | AB147: Saudi Arabia | AC147: =YEAR(TODAY()) - B147 -> 42 | AD147: =SUM(J147:O147) -> 35 | AE147: =SUM(P147:T147) -> 10 | AF147: =IF(Table2[[#This Row],[ Income ]]<=30000, "Low Income",IF(Table2[[#This Row],[ Income ]]<=60000,"Middle Income",IF(Table2[[#This Row],[ Income ]]<=90000,"High Income","Premium"))) -> Low Income | AG147: =IF(Table2[[#This Row],[Age]]<30,"Young Adults", IF(Table2[[#This Row],[Age]]<45,"Adults",IF(Table2[[#This Row],[Age]]<60,"Middle Aged", "Senior"))) -> Adults | AH147: =IF(Table2[[#This Row],[Recency]]<31,"Active",IF(Table2[[#This Row],[Recency]]<61, "Warm","At Risk")) -> Active | AI147: =IF(Table2[[#This Row],[Total Spend]]<70,"Low Value", IF(Table2[[#This Row],[Total Spend]]<370,"Medium Value",IF(Table2[[#This Row],[Total Spend]]<1047,"High Value","VIP"))) -> Low Value | AJ147: =SUM(Table2[[#This Row],[AcceptedCmp3]:[Response]]) -> 2 | AK147: =IF(Table2[[#This Row],[Total Campaigns Accepted]]=0,"Never Responded", IF(Table2[[#This Row],[Total Campaigns Accepted]]<3,"Occasional Responders","Frequent Responders")) -> Occasional Responders
A148: 4211 | B148: 1986 | C148: Basic | D148: Married | E148: 20425 | F148: 1 | G148: 0 | H148: 41211 | I148: 5 | J148: 4 | K148: 12 | L148: 5 | M148: 3 | N148: 16 | O148: 17 | P148: 2 | Q148: 2 | R148: 0 | S148: 3 | T148: 7 | U148: 0 | V148: 0 | W148: 0 | X148: 0 | Y148: 0 | Z148: 0 | AA148: 0 | AB148: Canada | AC148: =YEAR(TODAY()) - B148 -> 40 | AD148: =SUM(J148:O148) -> 57 | AE148: =SUM(P148:T148) -> 14 | AF148: =IF(Table2[[#This Row],[ Income ]]<=30000, "Low Income",IF(Table2[[#This Row],[ Income ]]<=60000,"Middle Income",IF(Table2[[#This Row],[ Income ]]<=90000,"High Income","Premium"))) -> Low Income | AG148: =IF(Table2[[#This Row],[Age]]<30,"Young Adults", IF(Table2[[#This Row],[Age]]<45,"Adults",IF(Table2[[#This Row],[Age]]<60,"Middle Aged", "Senior"))) -> Adults | AH148: =IF(Table2[[#This Row],[Recency]]<31,"Active",IF(Table2[[#This Row],[Recency]]<61, "Warm","At Risk")) -> Active | AI148: =IF(Table2[[#This Row],[Total Spend]]<70,"Low Value", IF(Table2[[#This Row],[Total Spend]]<370,"Medium Value",IF(Table2[[#This Row],[Total Spend]]<1047,"High Value","VIP"))) -> Low Value | AJ148: =SUM(Table2[[#This Row],[AcceptedCmp3]:[Response]]) -> 0 | AK148: =IF(Table2[[#This Row],[Total Campaigns Accepted]]=0,"Never Responded", IF(Table2[[#This Row],[Total Campaigns Accepted]]<3,"Occasional Responders","Frequent Responders")) -> Never Responded
... A263: 11191 | B263: 1986 | C263: Graduation | D263: Divorced | E263: 41411 | F263: 0 | G263: 0 | H263: 41615 | I263: 11 | J263: 37 | K263: 32 | L263: 38 | M263: 11 | N263: 3 | O263: 18 | P263: 1 | Q263: 2 | R263: 1 | S263: 4 | T263: 6 | U263: 0 | V263: 0 | W263: 0 | X263: 0 | Y263: 0 | Z263: 0 | AA263: 0 | AB263: Spain | AC263: =YEAR(TODAY()) - B263 -> 40 | AD263: =SUM(J263:O263) -> 139 | AE263: =SUM(P263:T263) -> 14 | AF263: =IF(Table2[[#This Row],[ Income ]]<=30000, "Low Income",IF(Table2[[#This Row],[ Income ]]<=60000,"Middle Income",IF(Table2[[#This Row],[ Income ]]<=90000,"High Income","Premium"))) -> Middle Income | AG263: =IF(Table2[[#This Row],[Age]]<30,"Young Adults", IF(Table2[[#This Row],[Age]]<45,"Adults",IF(Table2[[#This Row],[Age]]<60,"Middle Aged", "Senior"))) -> Adults | AH263: =IF(Table2[[#This Row],[Recency]]<31,"Active",IF(Table2[[#This Row],[Recency]]<61, "Warm","At Risk")) -> Active | AI263: =IF(Table2[[#This Row],[Total Spend]]<70,"Low Value", IF(Table2[[#This Row],[Total Spend]]<370,"Medium Value",IF(Table2[[#This Row],[Total Spend]]<1047,"High Value","VIP"))) -> Medium Value | AJ263: =SUM(Table2[[#This Row],[AcceptedCmp3]:[Response]]) -> 0 | AK263: =IF(Table2[[#This Row],[Total Campaigns Accepted]]=0,"Never Responded", IF(Table2[[#This Row],[Total Campaigns Accepted]]<3,"Occasional Responders","Frequent Responders")) -> Never Responded
A264: 1994 | B264: 1983 | C264: Graduation | D264: Married | F264: 1 | G264: 0 | H264: 41593 | I264: 11 | J264: 5 | K264: 5 | L264: 6 | M264: 0 | N264: 2 | O264: 1 | P264: 1 | Q264: 1 | R264: 0 | S264: 2 | T264: 7 | U264: 0 | V264: 0 | W264: 0 | X264: 0 | Y264: 0 | Z264: 0 | AA264: 0 | AB264: USA | AC264: =YEAR(TODAY()) - B264 -> 43 | AD264: =SUM(J264:O264) -> 19 | AE264: =SUM(P264:T264) -> 11 | AF264: =IF(Table2[[#This Row],[ Income ]]<=30000, "Low Income",IF(Table2[[#This Row],[ Income ]]<=60000,"Middle Income",IF(Table2[[#This Row],[ Income ]]<=90000,"High Income","Premium"))) -> Low Income | AG264: =IF(Table2[[#This Row],[Age]]<30,"Young Adults", IF(Table2[[#This Row],[Age]]<45,"Adults",IF(Table2[[#This Row],[Age]]<60,"Middle Aged", "Senior"))) -> Adults | AH264: =IF(Table2[[#This Row],[Recency]]<31,"Active",IF(Table2[[#This Row],[Recency]]<61, "Warm","At Risk")) -> Active | AI264: =IF(Table2[[#This Row],[Total Spend]]<70,"Low Value", IF(Table2[[#This Row],[Total Spend]]<370,"Medium Value",IF(Table2[[#This Row],[Total Spend]]<1047,"High Value","VIP"))) -> Low Value | AJ264: =SUM(Table2[[#This Row],[AcceptedCmp3]:[Response]]) -> 0 | AK264: =IF(Table2[[#This Row],[Total Campaigns Accepted]]=0,"Never Responded", IF(Table2[[#This Row],[Total Campaigns Accepted]]<3,"Occasional Responders","Frequent Responders")) -> Never Responded
A265: 2552 | B265: 1955 | C265: PhD | D265: Single | E265: 55521 | F265: 1 | G265: 2 | H265: 41569 | I265: 11 | J265: 416 | K265: 0 | L265: 26 | M265: 0 | N265: 0 | O265: 4 | P265: 9 | Q265: 6 | R265: 3 | S265: 6 | T265: 7 | U265: 0 | V265: 1 | W265: 0 | X265: 0 | Y265: 0 | Z265: 1 | AA265: 0 | AB265: Spain | AC265: =YEAR(TODAY()) - B265 -> 71 | AD265: =SUM(J265:O265) -> 446 | AE265: =SUM(P265:T265) -> 31 | AF265: =IF(Table2[[#This Row],[ Income ]]<=30000, "Low Income",IF(Table2[[#This Row],[ Income ]]<=60000,"Middle Income",IF(Table2[[#This Row],[ Income ]]<=90000,"High Income","Premium"))) -> Middle Income | AG265: =IF(Table2[[#This Row],[Age]]<30,"Young Adults", IF(Table2[[#This Row],[Age]]<45,"Adults",IF(Table2[[#This Row],[Age]]<60,"Middle Aged", "Senior"))) -> Senior | AH265: =IF(Table2[[#This Row],[Recency]]<31,"Active",IF(Table2[[#This Row],[Recency]]<61, "Warm","At Risk")) -> Active | AI265: =IF(Table2[[#This Row],[Total Spend]]<70,"Low Value", IF(Table2[[#This Row],[Total Spend]]<370,"Medium Value",IF(Table2[[#This Row],[Total Spend]]<1047,"High Value","VIP"))) -> High Value | AJ265: =SUM(Table2[[#This Row],[AcceptedCmp3]:[Response]]) -> 2 | AK265: =IF(Table2[[#This Row],[Total Campaigns Accepted]]=0,"Never Responded", IF(Table2[[#This Row],[Total Campaigns Accepted]]<3,"Occasional Responders","Frequent Responders")) -> Occasional Responders
A266: 6720 | B266: 1968 | C266: Master | D266: Together | E266: 43795 | F266: 0 | G266: 1 | H266: 41563 | I266: 11 | J266: 314 | K266: 11 | L266: 53 | M266: 4 | N266: 3 | O266: 107 | P266: 3 | Q266: 7 | R266: 3 | S266: 4 | T266: 7 | U266: 0 | V266: 1 | W266: 0 | X266: 0 | Y266: 0 | Z266: 1 | AA266: 0 | AB266: Spain | AC266: =YEAR(TODAY()) - B266 -> 58 | AD266: =SUM(J266:O266) -> 492 | AE266: =SUM(P266:T266) -> 24 | AF266: =IF(Table2[[#This Row],[ Income ]]<=30000, "Low Income",IF(Table2[[#This Row],[ Income ]]<=60000,"Middle Income",IF(Table2[[#This Row],[ Income ]]<=90000,"High Income","Premium"))) -> Middle Income | AG266: =IF(Table2[[#This Row],[Age]]<30,"Young Adults", IF(Table2[[#This Row],[Age]]<45,"Adults",IF(Table2[[#This Row],[Age]]<60,"Middle Aged", "Senior"))) -> Middle Aged | AH266: =IF(Table2[[#This Row],[Recency]]<31,"Active",IF(Table2[[#This Row],[Recency]]<61, "Warm","At Risk")) -> Active | AI266: =IF(Table2[[#This Row],[Total Spend]]<70,"Low Value", IF(Table2[[#This Row],[Total Spend]]<370,"Medium Value",IF(Table2[[#This Row],[Total Spend]]<1047,"High Value","VIP"))) -> High Value | AJ266: =SUM(Table2[[#This Row],[AcceptedCmp3]:[Response]]) -> 2 | AK266: =IF(Table2[[#This Row],[Total Campaigns Accepted]]=0,"Never Responded", IF(Table2[[#This Row],[Total Campaigns Accepted]]<3,"Occasional Responders","Frequent Responders")) -> Occasional Responders
A267: 4557 | B267: 1970 | C267: Graduation | D267: Together | E267: 22070 | F267: 1 | G267: 0 | H267: 41551 | I267: 11 | J267: 10 | K267: 7 | L267: 19 | M267: 8 | N267: 2 | O267: 21 | P267: 2 | Q267: 2 | R267: 2 | S267: 2 | T267: 6 | U267: 0 | V267: 0 | W267: 0 | X267: 0 | Y267: 0 | Z267: 0 | AA267: 0 | AB267: Saudi Arabia | AC267: =YEAR(TODAY()) - B267 -> 56 | AD267: =SUM(J267:O267) -> 67 | AE267: =SUM(P267:T267) -> 14 | AF267: =IF(Table2[[#This Row],[ Income ]]<=30000, "Low Income",IF(Table2[[#This Row],[ Income ]]<=60000,"Middle Income",IF(Table2[[#This Row],[ Income ]]<=90000,"High Income","Premium"))) -> Low Income | AG267: =IF(Table2[[#This Row],[Age]]<30,"Young Adults", IF(Table2[[#This Row],[Age]]<45,"Adults",IF(Table2[[#This Row],[Age]]<60,"Middle Aged", "Senior"))) -> Middle Aged | AH267: =IF(Table2[[#This Row],[Recency]]<31,"Active",IF(Table2[[#This Row],[Recency]]<61, "Warm","At Risk")) -> Active | AI267: =IF(Table2[[#This Row],[Total Spend]]<70,"Low Value", IF(Table2[[#This Row],[Total Spend]]<370,"Medium Value",IF(Table2[[#This Row],[Total Spend]]<1047,"High Value","VIP"))) -> Low Value | AJ267: =SUM(Table2[[#This Row],[AcceptedCmp3]:[Response]]) -> 0 | AK267: =IF(Table2[[#This Row],[Total Campaigns Accepted]]=0,"Never Responded", IF(Table2[[#This Row],[Total Campaigns Accepted]]<3,"Occasional Responders","Frequent Responders")) -> Never Responded
A268: 1183 | B268: 1949 | C268: Master | D268: Married | E268: 36408 | F268: 1 | G268: 1 | H268: 41538 | I268: 11 | J268: 9 | K268: 1 | L268: 4 | M268: 3 | N268: 2 | O268: 3 | P268: 1 | Q268: 1 | R268: 0 | S268: 2 | T268: 6 | U268: 0 | V268: 0 | W268: 0 | X268: 0 | Y268: 0 | Z268: 0 | AA268: 0 | AB268: Germany | AC268: =YEAR(TODAY()) - B268 -> 77 | AD268: =SUM(J268:O268) -> 22 | AE268: =SUM(P268:T268) -> 10 | AF268: =IF(Table2[[#This Row],[ Income ]]<=30000, "Low Income",IF(Table2[[#This Row],[ Income ]]<=60000,"Middle Income",IF(Table2[[#This Row],[ Income ]]<=90000,"High Income","Premium"))) -> Middle Income | AG268: =IF(Table2[[#This Row],[Age]]<30,"Young Adults", IF(Table2[[#This Row],[Age]]<45,"Adults",IF(Table2[[#This Row],[Age]]<60,"Middle Aged", "Senior"))) -> Senior | AH268: =IF(Table2[[#This Row],[Recency]]<31,"Active",IF(Table2[[#This Row],[Recency]]<61, "Warm","At Risk")) -> Active | AI268: =IF(Table2[[#This Row],[Total Spend]]<70,"Low Value", IF(Table2[[#This Row],[Total Spend]]<370,"Medium Value",IF(Table2[[#This Row],[Total Spend]]<1047,"High Value","VIP"))) -> Low Value | AJ268: =SUM(Table2[[#This Row],[AcceptedCmp3]:[Response]]) -> 0 | AK268: =IF(Table2[[#This Row],[Total Campaigns Accepted]]=0,"Never Responded", IF(Table2[[#This Row],[Total Campaigns Accepted]]<3,"Occasional Responders","Frequent Responders")) -> Never Responded
A269: 4186 | B269: 1950 | C269: Graduation | D269: Together | E269: 34026 | F269: 1 | G269: 1 | H269: 41491 | I269: 11 | J269: 18 | K269: 6 | L269: 15 | M269: 12 | N269: 8 | O269: 17 | P269: 3 | Q269: 2 | R269: 1 | S269: 3 | T269: 5 | U269: 0 | V269: 0 | W269: 0 | X269: 0 | Y269: 0 | Z269: 0 | AA269: 0 | AB269: Canada | AC269: =YEAR(TODAY()) - B269 -> 76 | AD269: =SUM(J269:O269) -> 76 | AE269: =SUM(P269:T269) -> 14 | AF269: =IF(Table2[[#This Row],[ Income ]]<=30000, "Low Income",IF(Table2[[#This Row],[ Income ]]<=60000,"Middle Income",IF(Table2[[#This Row],[ Income ]]<=90000,"High Income","Premium"))) -> Middle Income | AG269: =IF(Table2[[#This Row],[Age]]<30,"Young Adults", IF(Table2[[#This Row],[Age]]<45,"Adults",IF(Table2[[#This Row],[Age]]<60,"Middle Aged", "Senior"))) -> Senior | AH269: =IF(Table2[[#This Row],[Recency]]<31,"Active",IF(Table2[[#This Row],[Recency]]<61, "Warm","At Risk")) -> Active | AI269: =IF(Table2[[#This Row],[Total Spend]]<70,"Low Value", IF(Table2[[#This Row],[Total Spend]]<370,"Medium Value",IF(Table2[[#This Row],[Total Spend]]<1047,"High Value","VIP"))) -> Medium Value | AJ269: =SUM(Table2[[#This Row],[AcceptedCmp3]:[Response]]) -> 0 | AK269: =IF(Table2[[#This Row],[Total Campaigns Accepted]]=0,"Never Responded", IF(Table2[[#This Row],[Total Campaigns Accepted]]<3,"Occasional Responders","Frequent Responders")) -> Never Responded
A270: 1419 | B270: 1950 | C270: Graduation | D270: Together | E270: 34026 | F270: 1 | G270: 1 | H270: 41491 | I270: 11 | J270: 18 | K270: 6 | L270: 15 | M270: 12 | N270: 8 | O270: 17 | P270: 3 | Q270: 2 | R270: 1 | S270: 3 | T270: 5 | U270: 0 | V270: 0 | W270: 0 | X270: 0 | Y270: 0 | Z270: 0 | AA270: 0 | AB270: Spain | AC270: =YEAR(TODAY()) - B270 -> 76 | AD270: =SUM(J270:O270) -> 76 | AE270: =SUM(P270:T270) -> 14 | AF270: =IF(Table2[[#This Row],[ Income ]]<=30000, "Low Income",IF(Table2[[#This Row],[ Income ]]<=60000,"Middle Income",IF(Table2[[#This Row],[ Income ]]<=90000,"High Income","Premium"))) -> Middle Income | AG270: =IF(Table2[[#This Row],[Age]]<30,"Young Adults", IF(Table2[[#This Row],[Age]]<45,"Adults",IF(Table2[[#This Row],[Age]]<60,"Middle Aged", "Senior"))) -> Senior | AH270: =IF(Table2[[#This Row],[Recency]]<31,"Active",IF(Table2[[#This Row],[Recency]]<61, "Warm","At Risk")) -> Active | AI270: =IF(Table2[[#This Row],[Total Spend]]<70,"Low Value", IF(Table2[[#This Row],[Total Spend]]<370,"Medium Value",IF(Table2[[#This Row],[Total Spend]]<1047,"High Value","VIP"))) -> Medium Value | AJ270: =SUM(Table2[[#This Row],[AcceptedCmp3]:[Response]]) -> 0 | AK270: =IF(Table2[[#This Row],[Total Campaigns Accepted]]=0,"Never Responded", IF(Table2[[#This Row],[Total Campaigns Accepted]]<3,"Occasional Responders","Frequent Responders")) -> Never Responded
A271: 967 | B271: 1976 | C271: Graduation | D271: Married | E271: 46049 | F271: 1 | G271: 1 | H271: 41476 | I271: 11 | J271: 342 | K271: 9 | L271: 112 | M271: 19 | N271: 14 | O271: 19 | P271: 10 | Q271: 5 | R271: 2 | S271: 9 | T271: 7 | U271: 0 | V271: 0 | W271: 0 | X271: 0 | Y271: 0 | Z271: 1 | AA271: 0 | AB271: Spain | AC271: =YEAR(TODAY()) - B271 -> 50 | AD271: =SUM(J271:O271) -> 515 | AE271: =SUM(P271:T271) -> 33 | AF271: =IF(Table2[[#This Row],[ Income ]]<=30000, "Low Income",IF(Table2[[#This Row],[ Income ]]<=60000,"Middle Income",IF(Table2[[#This Row],[ Income ]]<=90000,"High Income","Premium"))) -> Middle Income | AG271: =IF(Table2[[#This Row],[Age]]<30,"Young Adults", IF(Table2[[#This Row],[Age]]<45,"Adults",IF(Table2[[#This Row],[Age]]<60,"Middle Aged", "Senior"))) -> Middle Aged | AH271: =IF(Table2[[#This Row],[Recency]]<31,"Active",IF(Table2[[#This Row],[Recency]]<61, "Warm","At Risk")) -> Active | AI271: =IF(Table2[[#This Row],[Total Spend]]<70,"Low Value", IF(Table2[[#This Row],[Total Spend]]<370,"Medium Value",IF(Table2[[#This Row],[Total Spend]]<1047,"High Value","VIP"))) -> High Value | AJ271: =SUM(Table2[[#This Row],[AcceptedCmp3]:[Response]]) -> 1 | AK271: =IF(Table2[[#This Row],[Total Campaigns Accepted]]=0,"Never Responded", IF(Table2[[#This Row],[Total Campaigns Accepted]]<3,"Occasional Responders","Frequent Responders")) -> Occasional Responders
A272: 1048 | B272: 1972 | C272: Master | D272: Married | E272: 35641 | F272: 1 | G272: 0 | H272: 41469 | I272: 11 | J272: 63 | K272: 3 | L272: 67 | M272: 8 | N272: 9 | O272: 28 | P272: 2 | Q272: 3 | R272: 1 | S272: 4 | T272: 7 | U272: 0 | V272: 0 | W272: 0 | X272: 0 | Y272: 0 | Z272: 1 | AA272: 0 | AB272: Saudi Arabia | AC272: =YEAR(TODAY()) - B272 -> 54 | AD272: =SUM(J272:O272) -> 178 | AE272: =SUM(P272:T272) -> 17 | AF272: =IF(Table2[[#This Row],[ Income ]]<=30000, "Low Income",IF(Table2[[#This Row],[ Income ]]<=60000,"Middle Income",IF(Table2[[#This Row],[ Income ]]<=90000,"High Income","Premium"))) -> Middle Income | AG272: =IF(Table2[[#This Row],[Age]]<30,"Young Adults", IF(Table2[[#This Row],[Age]]<45,"Adults",IF(Table2[[#This Row],[Age]]<60,"Middle Aged", "Senior"))) -> Middle Aged | AH272: =IF(Table2[[#This Row],[Recency]]<31,"Active",IF(Table2[[#This Row],[Recency]]<61, "Warm","At Risk")) -> Active | AI272: =IF(Table2[[#This Row],[Total Spend]]<70,"Low Value", IF(Table2[[#This Row],[Total Spend]]<370,"Medium Value",IF(Table2[[#This Row],[Total Spend]]<1047,"High Value","VIP"))) -> Medium Value | AJ272: =SUM(Table2[[#This Row],[AcceptedCmp3]:[Response]]) -> 1 | AK272: =IF(Table2[[#This Row],[Total Campaigns Accepted]]=0,"Never Responded", IF(Table2[[#This Row],[Total Campaigns Accepted]]<3,"Occasional Responders","Frequent Responders")) -> Occasional Responders
A273: 9262 | B273: 1984 | C273: 2n Cycle | D273: Together | E273: 32414 | F273: 0 | G273: 0 | H273: 41459 | I273: 11 | J273: 20 | K273: 6 | L273: 5 | M273: 0 | N273: 9 | O273: 12 | P273: 1 | Q273: 1 | R273: 0 | S273: 3 | T273: 7 | U273: 1 | V273: 0 | W273: 0 | X273: 0 | Y273: 0 | Z273: 0 | AA273: 0 | AB273: Saudi Arabia | AC273: =YEAR(TODAY()) - B273 -> 42 | AD273: =SUM(J273:O273) -> 52 | AE273: =SUM(P273:T273) -> 12 | AF273: =IF(Table2[[#This Row],[ Income ]]<=30000, "Low Income",IF(Table2[[#This Row],[ Income ]]<=60000,"Middle Income",IF(Table2[[#This Row],[ Income ]]<=90000,"High Income","Premium"))) -> Middle Income | AG273: =IF(Table2[[#This Row],[Age]]<30,"Young Adults", IF(Table2[[#This Row],[Age]]<45,"Adults",IF(Table2[[#This Row],[Age]]<60,"Middle Aged", "Senior"))) -> Adults | AH273: =IF(Table2[[#This Row],[Recency]]<31,"Active",IF(Table2[[#This Row],[Recency]]<61, "Warm","At Risk")) -> Active | AI273: =IF(Table2[[#This Row],[Total Spend]]<70,"Low Value", IF(Table2[[#This Row],[Total Spend]]<370,"Medium Value",IF(Table2[[#This Row],[Total Spend]]<1047,"High Value","VIP"))) -> Low Value | AJ273: =SUM(Table2[[#This Row],[AcceptedCmp3]:[Response]]) -> 1 | AK273: =IF(Table2[[#This Row],[Total Campaigns Accepted]]=0,"Never Responded", IF(Table2[[#This Row],[Total Campaigns Accepted]]<3,"Occasional Responders","Frequent Responders")) -> Occasional Responders
A274: 3427 | B274: 1955 | C274: PhD | D274: Married | E274: 59821 | F274: 0 | G274: 1 | H274: 41376 | I274: 11 | J274: 629 | K274: 0 | L274: 70 | M274: 0 | N274: 0 | O274: 35 | P274: 6 | Q274: 11 | R274: 2 | S274: 7 | T274: 8 | U274: 0 | V274: 0 | W274: 0 | X274: 0 | Y274: 0 | Z274: 0 | AA274: 0 | AB274: Saudi Arabia | AC274: =YEAR(TODAY()) - B274 -> 71 | AD274: =SUM(J274:O274) -> 734 | AE274: =SUM(P274:T274) -> 34 | AF274: =IF(Table2[[#This Row],[ Income ]]<=30000, "Low Income",IF(Table2[[#This Row],[ Income ]]<=60000,"Middle Income",IF(Table2[[#This Row],[ Income ]]<=90000,"High Income","Premium"))) -> Middle Income | AG274: =IF(Table2[[#This Row],[Age]]<30,"Young Adults", IF(Table2[[#This Row],[Age]]<45,"Adults",IF(Table2[[#This Row],[Age]]<60,"Middle Aged", "Senior"))) -> Senior | AH274: =IF(Table2[[#This Row],[Recency]]<31,"Active",IF(Table2[[#This Row],[Recency]]<61, "Warm","At Risk")) -> Active | AI274: =IF(Table2[[#This Row],[Total Spend]]<70,"Low Value", IF(Table2[[#This Row],[Total Spend]]<370,"Medium Value",IF(Table2[[#This Row],[Total Spend]]<1047,"High Value","VIP"))) -> High Value | AJ274: =SUM(Table2[[#This Row],[AcceptedCmp3]:[Response]]) -> 0 | AK274: =IF(Table2[[#This Row],[Total Campaigns Accepted]]=0,"Never Responded", IF(Table2[[#This Row],[Total Campaigns Accepted]]<3,"Occasional Responders","Frequent Responders")) -> Never Responded
A275: 5892 | B275: 1980 | C275: Graduation | D275: Married | E275: 34968 | F275: 1 | G275: 0 | H275: 41374 | I275: 11 | J275: 158 | K275: 6 | L275: 45 | M275: 8 | N275: 2 | O275: 2 | P275: 7 | Q275: 3 | R275: 2 | S275: 5 | T275: 7 | U275: 0 | V275: 0 | W275: 0 | X275: 0 | Y275: 0 | Z275: 0 | AA275: 0 | AB275: Saudi Arabia | AC275: =YEAR(TODAY()) - B275 -> 46 | AD275: =SUM(J275:O275) -> 221 | AE275: =SUM(P275:T275) -> 24 | AF275: =IF(Table2[[#This Row],[ Income ]]<=30000, "Low Income",IF(Table2[[#This Row],[ Income ]]<=60000,"Middle Income",IF(Table2[[#This Row],[ Income ]]<=90000,"High Income","Premium"))) -> Middle Income | AG275: =IF(Table2[[#This Row],[Age]]<30,"Young Adults", IF(Table2[[#This Row],[Age]]<45,"Adults",IF(Table2[[#This Row],[Age]]<60,"Middle Aged", "Senior"))) -> Middle Aged | AH275: =IF(Table2[[#This Row],[Recency]]<31,"Active",IF(Table2[[#This Row],[Recency]]<61, "Warm","At Risk")) -> Active | AI275: =IF(Table2[[#This Row],[Total Spend]]<70,"Low Value", IF(Table2[[#This Row],[Total Spend]]<370,"Medium Value",IF(Table2[[#This Row],[Total Spend]]<1047,"High Value","VIP"))) -> Medium Value | AJ275: =SUM(Table2[[#This Row],[AcceptedCmp3]:[Response]]) -> 0 | AK275: =IF(Table2[[#This Row],[Total Campaigns Accepted]]=0,"Never Responded", IF(Table2[[#This Row],[Total Campaigns Accepted]]<3,"Occasional Responders","Frequent Responders")) -> Never Responded
A276: 8911 | B276: 1967 | C276: PhD | D276: Married | E276: 56320 | F276: 0 | G276: 1 | H276: 41372 | I276: 11 | J276: 201 | K276: 53 | L276: 172 | M276: 116 | N276: 77 | O276: 83 | P276: 3 | Q276: 5 | R276: 4 | S276: 9 | T276: 4 | U276: 0 | V276: 0 | W276: 0 | X276: 0 | Y276: 0 | Z276: 0 | AA276: 0 | AB276: Spain | AC276: =YEAR(TODAY()) - B276 -> 59 | AD276: =SUM(J276:O276) -> 702 | AE276: =SUM(P276:T276) -> 25 | AF276: =IF(Table2[[#This Row],[ Income ]]<=30000, "Low Income",IF(Table2[[#This Row],[ Income ]]<=60000,"Middle Income",IF(Table2[[#This Row],[ Income ]]<=90000,"High Income","Premium"))) -> Middle Income | AG276: =IF(Table2[[#This Row],[Age]]<30,"Young Adults", IF(Table2[[#This Row],[Age]]<45,"Adults",IF(Table2[[#This Row],[Age]]<60,"Middle Aged", "Senior"))) -> Middle Aged | AH276: =IF(Table2[[#This Row],[Recency]]<31,"Active",IF(Table2[[#This Row],[Recency]]<61, "Warm","At Risk")) -> Active | AI276: =IF(Table2[[#This Row],[Total Spend]]<70,"Low Value", IF(Table2[[#This Row],[Total Spend]]<370,"Medium Value",IF(Table2[[#This Row],[Total Spend]]<1047,"High Value","VIP"))) -> High Value | AJ276: =SUM(Table2[[#This Row],[AcceptedCmp3]:[Response]]) -> 0 | AK276: =IF(Table2[[#This Row],[Total Campaigns Accepted]]=0,"Never Responded", IF(Table2[[#This Row],[Total Campaigns Accepted]]<3,"Occasional Responders","Frequent Responders")) -> Never Responded
... A395: 9392 | B395: 1971 | C395: Graduation | D395: Single | E395: 26954 | F395: 1 | G395: 0 | H395: 41767 | I395: 17 | J395: 4 | K395: 1 | L395: 11 | M395: 0 | N395: 0 | O395: 1 | P395: 1 | Q395: 1 | R395: 0 | S395: 2 | T395: 7 | U395: 0 | V395: 0 | W395: 0 | X395: 0 | Y395: 0 | Z395: 0 | AA395: 0 | AB395: Spain | AC395: =YEAR(TODAY()) - B395 -> 55 | AD395: =SUM(J395:O395) -> 17 | AE395: =SUM(P395:T395) -> 11 | AF395: =IF(Table2[[#This Row],[ Income ]]<=30000, "Low Income",IF(Table2[[#This Row],[ Income ]]<=60000,"Middle Income",IF(Table2[[#This Row],[ Income ]]<=90000,"High Income","Premium"))) -> Low Income | AG395: =IF(Table2[[#This Row],[Age]]<30,"Young Adults", IF(Table2[[#This Row],[Age]]<45,"Adults",IF(Table2[[#This Row],[Age]]<60,"Middle Aged", "Senior"))) -> Middle Aged | AH395: =IF(Table2[[#This Row],[Recency]]<31,"Active",IF(Table2[[#This Row],[Recency]]<61, "Warm","At Risk")) -> Active | AI395: =IF(Table2[[#This Row],[Total Spend]]<70,"Low Value", IF(Table2[[#This Row],[Total Spend]]<370,"Medium Value",IF(Table2[[#This Row],[Total Spend]]<1047,"High Value","VIP"))) -> Low Value | AJ395: =SUM(Table2[[#This Row],[AcceptedCmp3]:[Response]]) -> 0 | AK395: =IF(Table2[[#This Row],[Total Campaigns Accepted]]=0,"Never Responded", IF(Table2[[#This Row],[Total Campaigns Accepted]]<3,"Occasional Responders","Frequent Responders")) -> Never Responded
A396: 3769 | B396: 1972 | C396: PhD | D396: Together | F396: 1 | G396: 0 | H396: 41700 | I396: 17 | J396: 25 | K396: 1 | L396: 13 | M396: 0 | N396: 0 | O396: 3 | P396: 1 | Q396: 1 | R396: 0 | S396: 3 | T396: 7 | U396: 0 | V396: 0 | W396: 0 | X396: 0 | Y396: 0 | Z396: 0 | AA396: 0 | AB396: Australia | AC396: =YEAR(TODAY()) - B396 -> 54 | AD396: =SUM(J396:O396) -> 42 | AE396: =SUM(P396:T396) -> 12 | AF396: =IF(Table2[[#This Row],[ Income ]]<=30000, "Low Income",IF(Table2[[#This Row],[ Income ]]<=60000,"Middle Income",IF(Table2[[#This Row],[ Income ]]<=90000,"High Income","Premium"))) -> Low Income | AG396: =IF(Table2[[#This Row],[Age]]<30,"Young Adults", IF(Table2[[#This Row],[Age]]<45,"Adults",IF(Table2[[#This Row],[Age]]<60,"Middle Aged", "Senior"))) -> Middle Aged | AH396: =IF(Table2[[#This Row],[Recency]]<31,"Active",IF(Table2[[#This Row],[Recency]]<61, "Warm","At Risk")) -> Active | AI396: =IF(Table2[[#This Row],[Total Spend]]<70,"Low Value", IF(Table2[[#This Row],[Total Spend]]<370,"Medium Value",IF(Table2[[#This Row],[Total Spend]]<1047,"High Value","VIP"))) -> Low Value | AJ396: =SUM(Table2[[#This Row],[AcceptedCmp3]:[Response]]) -> 0 | AK396: =IF(Table2[[#This Row],[Total Campaigns Accepted]]=0,"Never Responded", IF(Table2[[#This Row],[Total Campaigns Accepted]]<3,"Occasional Responders","Frequent Responders")) -> Never Responded
A397: 10146 | B397: 1972 | C397: PhD | D397: Together | E397: 38887 | F397: 1 | G397: 0 | H397: 41700 | I397: 17 | J397: 25 | K397: 1 | L397: 13 | M397: 0 | N397: 0 | O397: 3 | P397: 1 | Q397: 1 | R397: 0 | S397: 3 | T397: 7 | U397: 0 | V397: 0 | W397: 0 | X397: 0 | Y397: 0 | Z397: 0 | AA397: 0 | AB397: Australia | AC397: =YEAR(TODAY()) - B397 -> 54 | AD397: =SUM(J397:O397) -> 42 | AE397: =SUM(P397:T397) -> 12 | AF397: =IF(Table2[[#This Row],[ Income ]]<=30000, "Low Income",IF(Table2[[#This Row],[ Income ]]<=60000,"Middle Income",IF(Table2[[#This Row],[ Income ]]<=90000,"High Income","Premium"))) -> Middle Income | AG397: =IF(Table2[[#This Row],[Age]]<30,"Young Adults", IF(Table2[[#This Row],[Age]]<45,"Adults",IF(Table2[[#This Row],[Age]]<60,"Middle Aged", "Senior"))) -> Middle Aged | AH397: =IF(Table2[[#This Row],[Recency]]<31,"Active",IF(Table2[[#This Row],[Recency]]<61, "Warm","At Risk")) -> Active | AI397: =IF(Table2[[#This Row],[Total Spend]]<70,"Low Value", IF(Table2[[#This Row],[Total Spend]]<370,"Medium Value",IF(Table2[[#This Row],[Total Spend]]<1047,"High Value","VIP"))) -> Low Value | AJ397: =SUM(Table2[[#This Row],[AcceptedCmp3]:[Response]]) -> 0 | AK397: =IF(Table2[[#This Row],[Total Campaigns Accepted]]=0,"Never Responded", IF(Table2[[#This Row],[Total Campaigns Accepted]]<3,"Occasional Responders","Frequent Responders")) -> Never Responded
A398: 4741 | B398: 1974 | C398: 2n Cycle | D398: Married | E398: 65463 | F398: 1 | G398: 0 | H398: 41669 | I398: 17 | J398: 391 | K398: 32 | L398: 70 | M398: 21 | N398: 32 | O398: 16 | P398: 2 | Q398: 6 | R398: 2 | S398: 9 | T398: 5 | U398: 0 | V398: 1 | W398: 0 | X398: 0 | Y398: 0 | Z398: 0 | AA398: 0 | AB398: Spain | AC398: =YEAR(TODAY()) - B398 -> 52 | AD398: =SUM(J398:O398) -> 562 | AE398: =SUM(P398:T398) -> 24 | AF398: =IF(Table2[[#This Row],[ Income ]]<=30000, "Low Income",IF(Table2[[#This Row],[ Income ]]<=60000,"Middle Income",IF(Table2[[#This Row],[ Income ]]<=90000,"High Income","Premium"))) -> High Income | AG398: =IF(Table2[[#This Row],[Age]]<30,"Young Adults", IF(Table2[[#This Row],[Age]]<45,"Adults",IF(Table2[[#This Row],[Age]]<60,"Middle Aged", "Senior"))) -> Middle Aged | AH398: =IF(Table2[[#This Row],[Recency]]<31,"Active",IF(Table2[[#This Row],[Recency]]<61, "Warm","At Risk")) -> Active | AI398: =IF(Table2[[#This Row],[Total Spend]]<70,"Low Value", IF(Table2[[#This Row],[Total Spend]]<370,"Medium Value",IF(Table2[[#This Row],[Total Spend]]<1047,"High Value","VIP"))) -> High Value | AJ398: =SUM(Table2[[#This Row],[AcceptedCmp3]:[Response]]) -> 1 | AK398: =IF(Table2[[#This Row],[Total Campaigns Accepted]]=0,"Never Responded", IF(Table2[[#This Row],[Total Campaigns Accepted]]<3,"Occasional Responders","Frequent Responders")) -> Occasional Responders
A399: 1880 | B399: 1959 | C399: PhD | D399: Together | E399: 53537 | F399: 1 | G399: 1 | H399: 41669 | I399: 17 | J399: 81 | K399: 0 | L399: 6 | M399: 0 | N399: 0 | O399: 6 | P399: 2 | Q399: 2 | R399: 1 | S399: 3 | T399: 5 | U399: 0 | V399: 0 | W399: 0 | X399: 0 | Y399: 0 | Z399: 0 | AA399: 0 | AB399: India | AC399: =YEAR(TODAY()) - B399 -> 67 | AD399: =SUM(J399:O399) -> 93 | AE399: =SUM(P399:T399) -> 13 | AF399: =IF(Table2[[#This Row],[ Income ]]<=30000, "Low Income",IF(Table2[[#This Row],[ Income ]]<=60000,"Middle Income",IF(Table2[[#This Row],[ Income ]]<=90000,"High Income","Premium"))) -> Middle Income | AG399: =IF(Table2[[#This Row],[Age]]<30,"Young Adults", IF(Table2[[#This Row],[Age]]<45,"Adults",IF(Table2[[#This Row],[Age]]<60,"Middle Aged", "Senior"))) -> Senior | AH399: =IF(Table2[[#This Row],[Recency]]<31,"Active",IF(Table2[[#This Row],[Recency]]<61, "Warm","At Risk")) -> Active | AI399: =IF(Table2[[#This Row],[Total Spend]]<70,"Low Value", IF(Table2[[#This Row],[Total Spend]]<370,"Medium Value",IF(Table2[[#This Row],[Total Spend]]<1047,"High Value","VIP"))) -> Medium Value | AJ399: =SUM(Table2[[#This Row],[AcceptedCmp3]:[Response]]) -> 0 | AK399: =IF(Table2[[#This Row],[Total Campaigns Accepted]]=0,"Never Responded", IF(Table2[[#This Row],[Total Campaigns Accepted]]<3,"Occasional Responders","Frequent Responders")) -> Never Responded
A400: 6471 | B400: 1971 | C400: Master | D400: Single | E400: 36230 | F400: 1 | G400: 0 | H400: 41564 | I400: 17 | J400: 14 | K400: 2 | L400: 30 | M400: 8 | N400: 2 | O400: 3 | P400: 1 | Q400: 2 | R400: 0 | S400: 4 | T400: 5 | U400: 0 | V400: 0 | W400: 0 | X400: 0 | Y400: 0 | Z400: 0 | AA400: 0 | AB400: Spain | AC400: =YEAR(TODAY()) - B400 -> 55 | AD400: =SUM(J400:O400) -> 59 | AE400: =SUM(P400:T400) -> 12 | AF400: =IF(Table2[[#This Row],[ Income ]]<=30000, "Low Income",IF(Table2[[#This Row],[ Income ]]<=60000,"Middle Income",IF(Table2[[#This Row],[ Income ]]<=90000,"High Income","Premium"))) -> Middle Income | AG400: =IF(Table2[[#This Row],[Age]]<30,"Young Adults", IF(Table2[[#This Row],[Age]]<45,"Adults",IF(Table2[[#This Row],[Age]]<60,"Middle Aged", "Senior"))) -> Middle Aged | AH400: =IF(Table2[[#This Row],[Recency]]<31,"Active",IF(Table2[[#This Row],[Recency]]<61, "Warm","At Risk")) -> Active | AI400: =IF(Table2[[#This Row],[Total Spend]]<70,"Low Value", IF(Table2[[#This Row],[Total Spend]]<370,"Medium Value",IF(Table2[[#This Row],[Total Spend]]<1047,"High Value","VIP"))) -> Low Value | AJ400: =SUM(Table2[[#This Row],[AcceptedCmp3]:[Response]]) -> 0 | AK400: =IF(Table2[[#This Row],[Total Campaigns Accepted]]=0,"Never Responded", IF(Table2[[#This Row],[Total Campaigns Accepted]]<3,"Occasional Responders","Frequent Responders")) -> Never Responded
A401: 5718 | B401: 1950 | C401: Graduation | D401: Married | E401: 80763 | F401: 0 | G401: 0 | H401: 41501 | I401: 17 | J401: 674 | K401: 168 | L401: 108 | M401: 192 | N401: 42 | O401: 231 | P401: 1 | Q401: 5 | R401: 11 | S401: 6 | T401: 3 | U401: 0 | V401: 0 | W401: 1 | X401: 1 | Y401: 0 | Z401: 1 | AA401: 0 | AB401: Saudi Arabia | AC401: =YEAR(TODAY()) - B401 -> 76 | AD401: =SUM(J401:O401) -> 1415 | AE401: =SUM(P401:T401) -> 26 | AF401: =IF(Table2[[#This Row],[ Income ]]<=30000, "Low Income",IF(Table2[[#This Row],[ Income ]]<=60000,"Middle Income",IF(Table2[[#This Row],[ Income ]]<=90000,"High Income","Premium"))) -> High Income | AG401: =IF(Table2[[#This Row],[Age]]<30,"Young Adults", IF(Table2[[#This Row],[Age]]<45,"Adults",IF(Table2[[#This Row],[Age]]<60,"Middle Aged", "Senior"))) -> Senior | AH401: =IF(Table2[[#This Row],[Recency]]<31,"Active",IF(Table2[[#This Row],[Recency]]<61, "Warm","At Risk")) -> Active | AI401: =IF(Table2[[#This Row],[Total Spend]]<70,"Low Value", IF(Table2[[#This Row],[Total Spend]]<370,"Medium Value",IF(Table2[[#This Row],[Total Spend]]<1047,"High Value","VIP"))) -> VIP | AJ401: =SUM(Table2[[#This Row],[AcceptedCmp3]:[Response]]) -> 3 | AK401: =IF(Table2[[#This Row],[Total Campaigns Accepted]]=0,"Never Responded", IF(Table2[[#This Row],[Total Campaigns Accepted]]<3,"Occasional Responders","Frequent Responders")) -> Frequent Responders
A402: 3478 | B402: 1971 | C402: PhD | D402: Married | E402: 60585 | F402: 1 | G402: 1 | H402: 41449 | I402: 17 | J402: 267 | K402: 42 | L402: 309 | M402: 55 | N402: 42 | O402: 21 | P402: 10 | Q402: 7 | R402: 4 | S402: 9 | T402: 5 | U402: 0 | V402: 0 | W402: 0 | X402: 0 | Y402: 0 | Z402: 1 | AA402: 0 | AB402: Canada | AC402: =YEAR(TODAY()) - B402 -> 55 | AD402: =SUM(J402:O402) -> 736 | AE402: =SUM(P402:T402) -> 35 | AF402: =IF(Table2[[#This Row],[ Income ]]<=30000, "Low Income",IF(Table2[[#This Row],[ Income ]]<=60000,"Middle Income",IF(Table2[[#This Row],[ Income ]]<=90000,"High Income","Premium"))) -> High Income | AG402: =IF(Table2[[#This Row],[Age]]<30,"Young Adults", IF(Table2[[#This Row],[Age]]<45,"Adults",IF(Table2[[#This Row],[Age]]<60,"Middle Aged", "Senior"))) -> Middle Aged | AH402: =IF(Table2[[#This Row],[Recency]]<31,"Active",IF(Table2[[#This Row],[Recency]]<61, "Warm","At Risk")) -> Active | AI402: =IF(Table2[[#This Row],[Total Spend]]<70,"Low Value", IF(Table2[[#This Row],[Total Spend]]<370,"Medium Value",IF(Table2[[#This Row],[Total Spend]]<1047,"High Value","VIP"))) -> High Value | AJ402: =SUM(Table2[[#This Row],[AcceptedCmp3]:[Response]]) -> 1 | AK402: =IF(Table2[[#This Row],[Total Campaigns Accepted]]=0,"Never Responded", IF(Table2[[#This Row],[Total Campaigns Accepted]]<3,"Occasional Responders","Frequent Responders")) -> Occasional Responders
A403: 7848 | B403: 1974 | C403: Graduation | D403: Single | E403: 49166 | F403: 0 | G403: 1 | H403: 41438 | I403: 17 | J403: 224 | K403: 2 | L403: 25 | M403: 7 | N403: 0 | O403: 110 | P403: 2 | Q403: 5 | R403: 3 | S403: 3 | T403: 6 | U403: 0 | V403: 0 | W403: 0 | X403: 0 | Y403: 0 | Z403: 0 | AA403: 0 | AB403: India | AC403: =YEAR(TODAY()) - B403 -> 52 | AD403: =SUM(J403:O403) -> 368 | AE403: =SUM(P403:T403) -> 19 | AF403: =IF(Table2[[#This Row],[ Income ]]<=30000, "Low Income",IF(Table2[[#This Row],[ Income ]]<=60000,"Middle Income",IF(Table2[[#This Row],[ Income ]]<=90000,"High Income","Premium"))) -> Middle Income | AG403: =IF(Table2[[#This Row],[Age]]<30,"Young Adults", IF(Table2[[#This Row],[Age]]<45,"Adults",IF(Table2[[#This Row],[Age]]<60,"Middle Aged", "Senior"))) -> Middle Aged | AH403: =IF(Table2[[#This Row],[Recency]]<31,"Active",IF(Table2[[#This Row],[Recency]]<61, "Warm","At Risk")) -> Active | AI403: =IF(Table2[[#This Row],[Total Spend]]<70,"Low Value", IF(Table2[[#This Row],[Total Spend]]<370,"Medium Value",IF(Table2[[#This Row],[Total Spend]]<1047,"High Value","VIP"))) -> Medium Value | AJ403: =SUM(Table2[[#This Row],[AcceptedCmp3]:[Response]]) -> 0 | AK403: =IF(Table2[[#This Row],[Total Campaigns Accepted]]=0,"Never Responded", IF(Table2[[#This Row],[Total Campaigns Accepted]]<3,"Occasional Responders","Frequent Responders")) -> Never Responded
A404: 7999 | B404: 1955 | C404: PhD | D404: Together | E404: 75261 | F404: 0 | G404: 0 | H404: 41387 | I404: 17 | J404: 1239 | K404: 17 | L404: 413 | M404: 23 | N404: 34 | O404: 17 | P404: 1 | Q404: 5 | R404: 6 | S404: 5 | T404: 2 | U404: 0 | V404: 1 | W404: 1 | X404: 0 | Y404: 0 | Z404: 1 | AA404: 0 | AB404: Spain | AC404: =YEAR(TODAY()) - B404 -> 71 | AD404: =SUM(J404:O404) -> 1743 | AE404: =SUM(P404:T404) -> 19 | AF404: =IF(Table2[[#This Row],[ Income ]]<=30000, "Low Income",IF(Table2[[#This Row],[ Income ]]<=60000,"Middle Income",IF(Table2[[#This Row],[ Income ]]<=90000,"High Income","Premium"))) -> High Income | AG404: =IF(Table2[[#This Row],[Age]]<30,"Young Adults", IF(Table2[[#This Row],[Age]]<45,"Adults",IF(Table2[[#This Row],[Age]]<60,"Middle Aged", "Senior"))) -> Senior | AH404: =IF(Table2[[#This Row],[Recency]]<31,"Active",IF(Table2[[#This Row],[Recency]]<61, "Warm","At Risk")) -> Active | AI404: =IF(Table2[[#This Row],[Total Spend]]<70,"Low Value", IF(Table2[[#This Row],[Total Spend]]<370,"Medium Value",IF(Table2[[#This Row],[Total Spend]]<1047,"High Value","VIP"))) -> VIP | AJ404: =SUM(Table2[[#This Row],[AcceptedCmp3]:[Response]]) -> 3 | AK404: =IF(Table2[[#This Row],[Total Campaigns Accepted]]=0,"Never Responded", IF(Table2[[#This Row],[Total Campaigns Accepted]]<3,"Occasional Responders","Frequent Responders")) -> Frequent Responders
A405: 11101 | B405: 1991 | C405: Graduation | D405: Together | E405: 89891 | F405: 0 | G405: 0 | H405: 41379 | I405: 17 | J405: 412 | K405: 22 | L405: 132 | M405: 59 | N405: 28 | O405: 183 | P405: 1 | Q405: 11 | R405: 6 | S405: 8 | T405: 4 | U405: 0 | V405: 0 | W405: 1 | X405: 0 | Y405: 0 | Z405: 0 | AA405: 0 | AB405: Australia | AC405: =YEAR(TODAY()) - B405 -> 35 | AD405: =SUM(J405:O405) -> 836 | AE405: =SUM(P405:T405) -> 30 | AF405: =IF(Table2[[#This Row],[ Income ]]<=30000, "Low Income",IF(Table2[[#This Row],[ Income ]]<=60000,"Middle Income",IF(Table2[[#This Row],[ Income ]]<=90000,"High Income","Premium"))) -> High Income | AG405: =IF(Table2[[#This Row],[Age]]<30,"Young Adults", IF(Table2[[#This Row],[Age]]<45,"Adults",IF(Table2[[#This Row],[Age]]<60,"Middle Aged", "Senior"))) -> Adults | AH405: =IF(Table2[[#This Row],[Recency]]<31,"Active",IF(Table2[[#This Row],[Recency]]<61, "Warm","At Risk")) -> Active | AI405: =IF(Table2[[#This Row],[Total Spend]]<70,"Low Value", IF(Table2[[#This Row],[Total Spend]]<370,"Medium Value",IF(Table2[[#This Row],[Total Spend]]<1047,"High Value","VIP"))) -> High Value | AJ405: =SUM(Table2[[#This Row],[AcceptedCmp3]:[Response]]) -> 1 | AK405: =IF(Table2[[#This Row],[Total Campaigns Accepted]]=0,"Never Responded", IF(Table2[[#This Row],[Total Campaigns Accepted]]<3,"Occasional Responders","Frequent Responders")) -> Occasional Responders
A406: 9212 | B406: 1962 | C406: Master | D406: Married | E406: 72828 | F406: 0 | G406: 1 | H406: 41319 | I406: 17 | J406: 1205 | K406: 0 | L406: 235 | M406: 19 | N406: 14 | O406: 205 | P406: 6 | Q406: 6 | R406: 3 | S406: 13 | T406: 7 | U406: 0 | V406: 0 | W406: 0 | X406: 0 | Y406: 0 | Z406: 0 | AA406: 0 | AB406: Spain | AC406: =YEAR(TODAY()) - B406 -> 64 | AD406: =SUM(J406:O406) -> 1678 | AE406: =SUM(P406:T406) -> 35 | AF406: =IF(Table2[[#This Row],[ Income ]]<=30000, "Low Income",IF(Table2[[#This Row],[ Income ]]<=60000,"Middle Income",IF(Table2[[#This Row],[ Income ]]<=90000,"High Income","Premium"))) -> High Income | AG406: =IF(Table2[[#This Row],[Age]]<30,"Young Adults", IF(Table2[[#This Row],[Age]]<45,"Adults",IF(Table2[[#This Row],[Age]]<60,"Middle Aged", "Senior"))) -> Senior | AH406: =IF(Table2[[#This Row],[Recency]]<31,"Active",IF(Table2[[#This Row],[Recency]]<61, "Warm","At Risk")) -> Active | AI406: =IF(Table2[[#This Row],[Total Spend]]<70,"Low Value", IF(Table2[[#This Row],[Total Spend]]<370,"Medium Value",IF(Table2[[#This Row],[Total Spend]]<1047,"High Value","VIP"))) -> VIP | AJ406: =SUM(Table2[[#This Row],[AcceptedCmp3]:[Response]]) -> 0 | AK406: =IF(Table2[[#This Row],[Total Campaigns Accepted]]=0,"Never Responded", IF(Table2[[#This Row],[Total Campaigns Accepted]]<3,"Occasional Responders","Frequent Responders")) -> Never Responded
A407: 10983 | B407: 1952 | C407: Graduation | D407: Together | E407: 75278 | F407: 0 | G407: 0 | H407: 41303 | I407: 17 | J407: 304 | K407: 98 | L407: 230 | M407: 150 | N407: 74 | O407: 74 | P407: 1 | Q407: 6 | R407: 3 | S407: 13 | T407: 3 | U407: 0 | V407: 0 | W407: 0 | X407: 0 | Y407: 0 | Z407: 0 | AA407: 0 | AB407: Saudi Arabia | AC407: =YEAR(TODAY()) - B407 -> 74 | AD407: =SUM(J407:O407) -> 930 | AE407: =SUM(P407:T407) -> 26 | AF407: =IF(Table2[[#This Row],[ Income ]]<=30000, "Low Income",IF(Table2[[#This Row],[ Income ]]<=60000,"Middle Income",IF(Table2[[#This Row],[ Income ]]<=90000,"High Income","Premium"))) -> High Income | AG407: =IF(Table2[[#This Row],[Age]]<30,"Young Adults", IF(Table2[[#This Row],[Age]]<45,"Adults",IF(Table2[[#This Row],[Age]]<60,"Middle Aged", "Senior"))) -> Senior | AH407: =IF(Table2[[#This Row],[Recency]]<31,"Active",IF(Table2[[#This Row],[Recency]]<61, "Warm","At Risk")) -> Active | AI407: =IF(Table2[[#This Row],[Total Spend]]<70,"Low Value", IF(Table2[[#This Row],[Total Spend]]<370,"Medium Value",IF(Table2[[#This Row],[Total Spend]]<1047,"High Value","VIP"))) -> High Value | AJ407: =SUM(Table2[[#This Row],[AcceptedCmp3]:[Response]]) -> 0 | AK407: =IF(Table2[[#This Row],[Total Campaigns Accepted]]=0,"Never Responded", IF(Table2[[#This Row],[Total Campaigns Accepted]]<3,"Occasional Responders","Frequent Responders")) -> Never Responded
A408: 3629 | B408: 1978 | C408: Graduation | D408: Single | E408: 38557 | F408: 1 | G408: 0 | H408: 41262 | I408: 17 | J408: 76 | K408: 3 | L408: 31 | M408: 4 | N408: 4 | O408: 27 | P408: 2 | Q408: 3 | R408: 1 | S408: 3 | T408: 7 | U408: 0 | V408: 0 | W408: 0 | X408: 0 | Y408: 0 | Z408: 0 | AA408: 0 | AB408: Canada | AC408: =YEAR(TODAY()) - B408 -> 48 | AD408: =SUM(J408:O408) -> 145 | AE408: =SUM(P408:T408) -> 16 | AF408: =IF(Table2[[#This Row],[ Income ]]<=30000, "Low Income",IF(Table2[[#This Row],[ Income ]]<=60000,"Middle Income",IF(Table2[[#This Row],[ Income ]]<=90000,"High Income","Premium"))) -> Middle Income | AG408: =IF(Table2[[#This Row],[Age]]<30,"Young Adults", IF(Table2[[#This Row],[Age]]<45,"Adults",IF(Table2[[#This Row],[Age]]<60,"Middle Aged", "Senior"))) -> Middle Aged | AH408: =IF(Table2[[#This Row],[Recency]]<31,"Active",IF(Table2[[#This Row],[Recency]]<61, "Warm","At Risk")) -> Active | AI408: =IF(Table2[[#This Row],[Total Spend]]<70,"Low Value", IF(Table2[[#This Row],[Total Spend]]<370,"Medium Value",IF(Table2[[#This Row],[Total Spend]]<1047,"High Value","VIP"))) -> Medium Value | AJ408: =SUM(Table2[[#This Row],[AcceptedCmp3]:[Response]]) -> 0 | AK408: =IF(Table2[[#This Row],[Total Campaigns Accepted]]=0,"Never Responded", IF(Table2[[#This Row],[Total Campaigns Accepted]]<3,"Occasional Responders","Frequent Responders")) -> Never Responded
... A450: 4967 | B450: 1960 | C450: PhD | D450: Together | E450: 38201 | F450: 0 | G450: 1 | H450: 41362 | I450: 19 | J450: 233 | K450: 0 | L450: 23 | M450: 0 | N450: 0 | O450: 12 | P450: 4 | Q450: 5 | R450: 1 | S450: 5 | T450: 8 | U450: 0 | V450: 0 | W450: 0 | X450: 0 | Y450: 0 | Z450: 0 | AA450: 0 | AB450: Saudi Arabia | AC450: =YEAR(TODAY()) - B450 -> 66 | AD450: =SUM(J450:O450) -> 268 | AE450: =SUM(P450:T450) -> 23 | AF450: =IF(Table2[[#This Row],[ Income ]]<=30000, "Low Income",IF(Table2[[#This Row],[ Income ]]<=60000,"Middle Income",IF(Table2[[#This Row],[ Income ]]<=90000,"High Income","Premium"))) -> Middle Income | AG450: =IF(Table2[[#This Row],[Age]]<30,"Young Adults", IF(Table2[[#This Row],[Age]]<45,"Adults",IF(Table2[[#This Row],[Age]]<60,"Middle Aged", "Senior"))) -> Senior | AH450: =IF(Table2[[#This Row],[Recency]]<31,"Active",IF(Table2[[#This Row],[Recency]]<61, "Warm","At Risk")) -> Active | AI450: =IF(Table2[[#This Row],[Total Spend]]<70,"Low Value", IF(Table2[[#This Row],[Total Spend]]<370,"Medium Value",IF(Table2[[#This Row],[Total Spend]]<1047,"High Value","VIP"))) -> Medium Value | AJ450: =SUM(Table2[[#This Row],[AcceptedCmp3]:[Response]]) -> 0 | AK450: =IF(Table2[[#This Row],[Total Campaigns Accepted]]=0,"Never Responded", IF(Table2[[#This Row],[Total Campaigns Accepted]]<3,"Occasional Responders","Frequent Responders")) -> Never Responded
A451: 5255 | B451: 1986 | C451: Graduation | D451: Single | F451: 1 | G451: 0 | H451: 41325 | I451: 19 | J451: 5 | K451: 1 | L451: 3 | M451: 3 | N451: 263 | O451: 362 | P451: 0 | Q451: 27 | R451: 0 | S451: 0 | T451: 1 | U451: 0 | V451: 0 | W451: 0 | X451: 0 | Y451: 0 | Z451: 0 | AA451: 0 | AB451: Australia | AC451: =YEAR(TODAY()) - B451 -> 40 | AD451: =SUM(J451:O451) -> 637 | AE451: =SUM(P451:T451) -> 28 | AF451: =IF(Table2[[#This Row],[ Income ]]<=30000, "Low Income",IF(Table2[[#This Row],[ Income ]]<=60000,"Middle Income",IF(Table2[[#This Row],[ Income ]]<=90000,"High Income","Premium"))) -> Low Income | AG451: =IF(Table2[[#This Row],[Age]]<30,"Young Adults", IF(Table2[[#This Row],[Age]]<45,"Adults",IF(Table2[[#This Row],[Age]]<60,"Middle Aged", "Senior"))) -> Adults | AH451: =IF(Table2[[#This Row],[Recency]]<31,"Active",IF(Table2[[#This Row],[Recency]]<61, "Warm","At Risk")) -> Active | AI451: =IF(Table2[[#This Row],[Total Spend]]<70,"Low Value", IF(Table2[[#This Row],[Total Spend]]<370,"Medium Value",IF(Table2[[#This Row],[Total Spend]]<1047,"High Value","VIP"))) -> High Value | AJ451: =SUM(Table2[[#This Row],[AcceptedCmp3]:[Response]]) -> 0 | AK451: =IF(Table2[[#This Row],[Total Campaigns Accepted]]=0,"Never Responded", IF(Table2[[#This Row],[Total Campaigns Accepted]]<3,"Occasional Responders","Frequent Responders")) -> Never Responded
A452: 9215 | B452: 1980 | C452: PhD | D452: Married | E452: 43974 | F452: 1 | G452: 0 | H452: 41255 | I452: 19 | J452: 378 | K452: 0 | L452: 101 | M452: 0 | N452: 0 | O452: 72 | P452: 5 | Q452: 6 | R452: 4 | S452: 6 | T452: 7 | U452: 0 | V452: 0 | W452: 0 | X452: 0 | Y452: 0 | Z452: 0 | AA452: 0 | AB452: Canada | AC452: =YEAR(TODAY()) - B452 -> 46 | AD452: =SUM(J452:O452) -> 551 | AE452: =SUM(P452:T452) -> 28 | AF452: =IF(Table2[[#This Row],[ Income ]]<=30000, "Low Income",IF(Table2[[#This Row],[ Income ]]<=60000,"Middle Income",IF(Table2[[#This Row],[ Income ]]<=90000,"High Income","Premium"))) -> Middle Income | AG452: =IF(Table2[[#This Row],[Age]]<30,"Young Adults", IF(Table2[[#This Row],[Age]]<45,"Adults",IF(Table2[[#This Row],[Age]]<60,"Middle Aged", "Senior"))) -> Middle Aged | AH452: =IF(Table2[[#This Row],[Recency]]<31,"Active",IF(Table2[[#This Row],[Recency]]<61, "Warm","At Risk")) -> Active | AI452: =IF(Table2[[#This Row],[Total Spend]]<70,"Low Value", IF(Table2[[#This Row],[Total Spend]]<370,"Medium Value",IF(Table2[[#This Row],[Total Spend]]<1047,"High Value","VIP"))) -> High Value | AJ452: =SUM(Table2[[#This Row],[AcceptedCmp3]:[Response]]) -> 0 | AK452: =IF(Table2[[#This Row],[Total Campaigns Accepted]]=0,"Never Responded", IF(Table2[[#This Row],[Total Campaigns Accepted]]<3,"Occasional Responders","Frequent Responders")) -> Never Responded
A453: 3525 | B453: 1970 | C453: Graduation | D453: Together | E453: 38200 | F453: 1 | G453: 1 | H453: 41250 | I453: 19 | J453: 12 | K453: 0 | L453: 4 | M453: 0 | N453: 0 | O453: 1 | P453: 1 | Q453: 1 | R453: 0 | S453: 2 | T453: 7 | U453: 0 | V453: 0 | W453: 0 | X453: 0 | Y453: 0 | Z453: 0 | AA453: 0 | AB453: Spain | AC453: =YEAR(TODAY()) - B453 -> 56 | AD453: =SUM(J453:O453) -> 17 | AE453: =SUM(P453:T453) -> 11 | AF453: =IF(Table2[[#This Row],[ Income ]]<=30000, "Low Income",IF(Table2[[#This Row],[ Income ]]<=60000,"Middle Income",IF(Table2[[#This Row],[ Income ]]<=90000,"High Income","Premium"))) -> Middle Income | AG453: =IF(Table2[[#This Row],[Age]]<30,"Young Adults", IF(Table2[[#This Row],[Age]]<45,"Adults",IF(Table2[[#This Row],[Age]]<60,"Middle Aged", "Senior"))) -> Middle Aged | AH453: =IF(Table2[[#This Row],[Recency]]<31,"Active",IF(Table2[[#This Row],[Recency]]<61, "Warm","At Risk")) -> Active | AI453: =IF(Table2[[#This Row],[Total Spend]]<70,"Low Value", IF(Table2[[#This Row],[Total Spend]]<370,"Medium Value",IF(Table2[[#This Row],[Total Spend]]<1047,"High Value","VIP"))) -> Low Value | AJ453: =SUM(Table2[[#This Row],[AcceptedCmp3]:[Response]]) -> 0 | AK453: =IF(Table2[[#This Row],[Total Campaigns Accepted]]=0,"Never Responded", IF(Table2[[#This Row],[Total Campaigns Accepted]]<3,"Occasional Responders","Frequent Responders")) -> Never Responded
A454: 3619 | B454: 1960 | C454: 2n Cycle | D454: Divorced | E454: 87305 | F454: 0 | G454: 0 | H454: 41175 | I454: 19 | J454: 345 | K454: 25 | L454: 501 | M454: 63 | N454: 138 | O454: 80 | P454: 1 | Q454: 5 | R454: 3 | S454: 8 | T454: 2 | U454: 0 | V454: 0 | W454: 1 | X454: 0 | Y454: 0 | Z454: 1 | AA454: 0 | AB454: Australia | AC454: =YEAR(TODAY()) - B454 -> 66 | AD454: =SUM(J454:O454) -> 1152 | AE454: =SUM(P454:T454) -> 19 | AF454: =IF(Table2[[#This Row],[ Income ]]<=30000, "Low Income",IF(Table2[[#This Row],[ Income ]]<=60000,"Middle Income",IF(Table2[[#This Row],[ Income ]]<=90000,"High Income","Premium"))) -> High Income | AG454: =IF(Table2[[#This Row],[Age]]<30,"Young Adults", IF(Table2[[#This Row],[Age]]<45,"Adults",IF(Table2[[#This Row],[Age]]<60,"Middle Aged", "Senior"))) -> Senior | AH454: =IF(Table2[[#This Row],[Recency]]<31,"Active",IF(Table2[[#This Row],[Recency]]<61, "Warm","At Risk")) -> Active | AI454: =IF(Table2[[#This Row],[Total Spend]]<70,"Low Value", IF(Table2[[#This Row],[Total Spend]]<370,"Medium Value",IF(Table2[[#This Row],[Total Spend]]<1047,"High Value","VIP"))) -> VIP | AJ454: =SUM(Table2[[#This Row],[AcceptedCmp3]:[Response]]) -> 2 | AK454: =IF(Table2[[#This Row],[Total Campaigns Accepted]]=0,"Never Responded", IF(Table2[[#This Row],[Total Campaigns Accepted]]<3,"Occasional Responders","Frequent Responders")) -> Occasional Responders
A455: 4415 | B455: 1961 | C455: Graduation | D455: Married | E455: 16860 | F455: 1 | G455: 1 | H455: 41164 | I455: 19 | J455: 10 | K455: 4 | L455: 4 | M455: 3 | N455: 3 | O455: 14 | P455: 3 | Q455: 1 | R455: 1 | S455: 3 | T455: 7 | U455: 0 | V455: 0 | W455: 0 | X455: 0 | Y455: 0 | Z455: 0 | AA455: 0 | AB455: Spain | AC455: =YEAR(TODAY()) - B455 -> 65 | AD455: =SUM(J455:O455) -> 38 | AE455: =SUM(P455:T455) -> 15 | AF455: =IF(Table2[[#This Row],[ Income ]]<=30000, "Low Income",IF(Table2[[#This Row],[ Income ]]<=60000,"Middle Income",IF(Table2[[#This Row],[ Income ]]<=90000,"High Income","Premium"))) -> Low Income | AG455: =IF(Table2[[#This Row],[Age]]<30,"Young Adults", IF(Table2[[#This Row],[Age]]<45,"Adults",IF(Table2[[#This Row],[Age]]<60,"Middle Aged", "Senior"))) -> Senior | AH455: =IF(Table2[[#This Row],[Recency]]<31,"Active",IF(Table2[[#This Row],[Recency]]<61, "Warm","At Risk")) -> Active | AI455: =IF(Table2[[#This Row],[Total Spend]]<70,"Low Value", IF(Table2[[#This Row],[Total Spend]]<370,"Medium Value",IF(Table2[[#This Row],[Total Spend]]<1047,"High Value","VIP"))) -> Low Value | AJ455: =SUM(Table2[[#This Row],[AcceptedCmp3]:[Response]]) -> 0 | AK455: =IF(Table2[[#This Row],[Total Campaigns Accepted]]=0,"Never Responded", IF(Table2[[#This Row],[Total Campaigns Accepted]]<3,"Occasional Responders","Frequent Responders")) -> Never Responded
A456: 3645 | B456: 1972 | C456: PhD | D456: Single | E456: 27213 | F456: 1 | G456: 0 | H456: 41151 | I456: 19 | J456: 19 | K456: 3 | L456: 26 | M456: 10 | N456: 9 | O456: 3 | P456: 3 | Q456: 2 | R456: 0 | S456: 4 | T456: 8 | U456: 0 | V456: 0 | W456: 0 | X456: 0 | Y456: 0 | Z456: 1 | AA456: 0 | AB456: Spain | AC456: =YEAR(TODAY()) - B456 -> 54 | AD456: =SUM(J456:O456) -> 70 | AE456: =SUM(P456:T456) -> 17 | AF456: =IF(Table2[[#This Row],[ Income ]]<=30000, "Low Income",IF(Table2[[#This Row],[ Income ]]<=60000,"Middle Income",IF(Table2[[#This Row],[ Income ]]<=90000,"High Income","Premium"))) -> Low Income | AG456: =IF(Table2[[#This Row],[Age]]<30,"Young Adults", IF(Table2[[#This Row],[Age]]<45,"Adults",IF(Table2[[#This Row],[Age]]<60,"Middle Aged", "Senior"))) -> Middle Aged | AH456: =IF(Table2[[#This Row],[Recency]]<31,"Active",IF(Table2[[#This Row],[Recency]]<61, "Warm","At Risk")) -> Active | AI456: =IF(Table2[[#This Row],[Total Spend]]<70,"Low Value", IF(Table2[[#This Row],[Total Spend]]<370,"Medium Value",IF(Table2[[#This Row],[Total Spend]]<1047,"High Value","VIP"))) -> Medium Value | AJ456: =SUM(Table2[[#This Row],[AcceptedCmp3]:[Response]]) -> 1 | AK456: =IF(Table2[[#This Row],[Total Campaigns Accepted]]=0,"Never Responded", IF(Table2[[#This Row],[Total Campaigns Accepted]]<3,"Occasional Responders","Frequent Responders")) -> Occasional Responders
A457: 4692 | B457: 1976 | C457: Graduation | D457: Married | E457: 7500 | F457: 1 | G457: 0 | H457: 41122 | I457: 19 | J457: 7 | K457: 0 | L457: 12 | M457: 13 | N457: 7 | O457: 32 | P457: 5 | Q457: 4 | R457: 1 | S457: 2 | T457: 9 | U457: 1 | V457: 0 | W457: 0 | X457: 0 | Y457: 0 | Z457: 1 | AA457: 0 | AB457: Australia | AC457: =YEAR(TODAY()) - B457 -> 50 | AD457: =SUM(J457:O457) -> 71 | AE457: =SUM(P457:T457) -> 21 | AF457: =IF(Table2[[#This Row],[ Income ]]<=30000, "Low Income",IF(Table2[[#This Row],[ Income ]]<=60000,"Middle Income",IF(Table2[[#This Row],[ Income ]]<=90000,"High Income","Premium"))) -> Low Income | AG457: =IF(Table2[[#This Row],[Age]]<30,"Young Adults", IF(Table2[[#This Row],[Age]]<45,"Adults",IF(Table2[[#This Row],[Age]]<60,"Middle Aged", "Senior"))) -> Middle Aged | AH457: =IF(Table2[[#This Row],[Recency]]<31,"Active",IF(Table2[[#This Row],[Recency]]<61, "Warm","At Risk")) -> Active | AI457: =IF(Table2[[#This Row],[Total Spend]]<70,"Low Value", IF(Table2[[#This Row],[Total Spend]]<370,"Medium Value",IF(Table2[[#This Row],[Total Spend]]<1047,"High Value","VIP"))) -> Medium Value | AJ457: =SUM(Table2[[#This Row],[AcceptedCmp3]:[Response]]) -> 2 | AK457: =IF(Table2[[#This Row],[Total Campaigns Accepted]]=0,"Never Responded", IF(Table2[[#This Row],[Total Campaigns Accepted]]<3,"Occasional Responders","Frequent Responders")) -> Occasional Responders
A458: 3955 | B458: 1965 | C458: Graduation | D458: Divorced | E458: 4861 | F458: 0 | G458: 0 | H458: 41812 | I458: 20 | J458: 2 | K458: 1 | L458: 1 | M458: 1 | N458: 0 | O458: 1 | P458: 0 | Q458: 0 | R458: 0 | S458: 0 | T458: 14 | U458: 0 | V458: 0 | W458: 0 | X458: 0 | Y458: 0 | Z458: 0 | AA458: 0 | AB458: Saudi Arabia | AC458: =YEAR(TODAY()) - B458 -> 61 | AD458: =SUM(J458:O458) -> 6 | AE458: =SUM(P458:T458) -> 14 | AF458: =IF(Table2[[#This Row],[ Income ]]<=30000, "Low Income",IF(Table2[[#This Row],[ Income ]]<=60000,"Middle Income",IF(Table2[[#This Row],[ Income ]]<=90000,"High Income","Premium"))) -> Low Income | AG458: =IF(Table2[[#This Row],[Age]]<30,"Young Adults", IF(Table2[[#This Row],[Age]]<45,"Adults",IF(Table2[[#This Row],[Age]]<60,"Middle Aged", "Senior"))) -> Senior | AH458: =IF(Table2[[#This Row],[Recency]]<31,"Active",IF(Table2[[#This Row],[Recency]]<61, "Warm","At Risk")) -> Active | AI458: =IF(Table2[[#This Row],[Total Spend]]<70,"Low Value", IF(Table2[[#This Row],[Total Spend]]<370,"Medium Value",IF(Table2[[#This Row],[Total Spend]]<1047,"High Value","VIP"))) -> Low Value | AJ458: =SUM(Table2[[#This Row],[AcceptedCmp3]:[Response]]) -> 0 | AK458: =IF(Table2[[#This Row],[Total Campaigns Accepted]]=0,"Never Responded", IF(Table2[[#This Row],[Total Campaigns Accepted]]<3,"Occasional Responders","Frequent Responders")) -> Never Responded
A459: 5313 | B459: 1971 | C459: Master | D459: Married | E459: 38196 | F459: 1 | G459: 1 | H459: 41747 | I459: 20 | J459: 30 | K459: 0 | L459: 11 | M459: 0 | N459: 0 | O459: 3 | P459: 3 | Q459: 2 | R459: 0 | S459: 4 | T459: 5 | U459: 0 | V459: 0 | W459: 0 | X459: 0 | Y459: 0 | Z459: 0 | AA459: 0 | AB459: Spain | AC459: =YEAR(TODAY()) - B459 -> 55 | AD459: =SUM(J459:O459) -> 44 | AE459: =SUM(P459:T459) -> 14 | AF459: =IF(Table2[[#This Row],[ Income ]]<=30000, "Low Income",IF(Table2[[#This Row],[ Income ]]<=60000,"Middle Income",IF(Table2[[#This Row],[ Income ]]<=90000,"High Income","Premium"))) -> Middle Income | AG459: =IF(Table2[[#This Row],[Age]]<30,"Young Adults", IF(Table2[[#This Row],[Age]]<45,"Adults",IF(Table2[[#This Row],[Age]]<60,"Middle Aged", "Senior"))) -> Middle Aged | AH459: =IF(Table2[[#This Row],[Recency]]<31,"Active",IF(Table2[[#This Row],[Recency]]<61, "Warm","At Risk")) -> Active | AI459: =IF(Table2[[#This Row],[Total Spend]]<70,"Low Value", IF(Table2[[#This Row],[Total Spend]]<370,"Medium Value",IF(Table2[[#This Row],[Total Spend]]<1047,"High Value","VIP"))) -> Low Value | AJ459: =SUM(Table2[[#This Row],[AcceptedCmp3]:[Response]]) -> 0 | AK459: =IF(Table2[[#This Row],[Total Campaigns Accepted]]=0,"Never Responded", IF(Table2[[#This Row],[Total Campaigns Accepted]]<3,"Occasional Responders","Frequent Responders")) -> Never Responded
A460: 7196 | B460: 1950 | C460: PhD | D460: Married | E460: 41145 | F460: 1 | G460: 1 | H460: 41678 | I460: 20 | J460: 9 | K460: 0 | L460: 3 | M460: 0 | N460: 0 | O460: 1 | P460: 1 | Q460: 0 | R460: 0 | S460: 3 | T460: 3 | U460: 0 | V460: 0 | W460: 0 | X460: 0 | Y460: 0 | Z460: 0 | AA460: 0 | AB460: Canada | AC460: =YEAR(TODAY()) - B460 -> 76 | AD460: =SUM(J460:O460) -> 13 | AE460: =SUM(P460:T460) -> 7 | AF460: =IF(Table2[[#This Row],[ Income ]]<=30000, "Low Income",IF(Table2[[#This Row],[ Income ]]<=60000,"Middle Income",IF(Table2[[#This Row],[ Income ]]<=90000,"High Income","Premium"))) -> Middle Income | AG460: =IF(Table2[[#This Row],[Age]]<30,"Young Adults", IF(Table2[[#This Row],[Age]]<45,"Adults",IF(Table2[[#This Row],[Age]]<60,"Middle Aged", "Senior"))) -> Senior | AH460: =IF(Table2[[#This Row],[Recency]]<31,"Active",IF(Table2[[#This Row],[Recency]]<61, "Warm","At Risk")) -> Active | AI460: =IF(Table2[[#This Row],[Total Spend]]<70,"Low Value", IF(Table2[[#This Row],[Total Spend]]<370,"Medium Value",IF(Table2[[#This Row],[Total Spend]]<1047,"High Value","VIP"))) -> Low Value | AJ460: =SUM(Table2[[#This Row],[AcceptedCmp3]:[Response]]) -> 0 | AK460: =IF(Table2[[#This Row],[Total Campaigns Accepted]]=0,"Never Responded", IF(Table2[[#This Row],[Total Campaigns Accepted]]<3,"Occasional Responders","Frequent Responders")) -> Never Responded
A461: 1381 | B461: 1982 | C461: PhD | D461: Single | E461: 38513 | F461: 1 | G461: 0 | H461: 41667 | I461: 20 | J461: 172 | K461: 3 | L461: 115 | M461: 16 | N461: 0 | O461: 18 | P461: 5 | Q461: 6 | R461: 1 | S461: 5 | T461: 8 | U461: 0 | V461: 0 | W461: 0 | X461: 0 | Y461: 0 | Z461: 1 | AA461: 0 | AB461: Spain | AC461: =YEAR(TODAY()) - B461 -> 44 | AD461: =SUM(J461:O461) -> 324 | AE461: =SUM(P461:T461) -> 25 | AF461: =IF(Table2[[#This Row],[ Income ]]<=30000, "Low Income",IF(Table2[[#This Row],[ Income ]]<=60000,"Middle Income",IF(Table2[[#This Row],[ Income ]]<=90000,"High Income","Premium"))) -> Middle Income | AG461: =IF(Table2[[#This Row],[Age]]<30,"Young Adults", IF(Table2[[#This Row],[Age]]<45,"Adults",IF(Table2[[#This Row],[Age]]<60,"Middle Aged", "Senior"))) -> Adults | AH461: =IF(Table2[[#This Row],[Recency]]<31,"Active",IF(Table2[[#This Row],[Recency]]<61, "Warm","At Risk")) -> Active | AI461: =IF(Table2[[#This Row],[Total Spend]]<70,"Low Value", IF(Table2[[#This Row],[Total Spend]]<370,"Medium Value",IF(Table2[[#This Row],[Total Spend]]<1047,"High Value","VIP"))) -> Medium Value | AJ461: =SUM(Table2[[#This Row],[AcceptedCmp3]:[Response]]) -> 1 | AK461: =IF(Table2[[#This Row],[Total Campaigns Accepted]]=0,"Never Responded", IF(Table2[[#This Row],[Total Campaigns Accepted]]<3,"Occasional Responders","Frequent Responders")) -> Occasional Responders
A462: 10951 | B462: 1968 | C462: Graduation | D462: Married | E462: 45688 | F462: 0 | G462: 1 | H462: 41664 | I462: 20 | J462: 279 | K462: 0 | L462: 18 | M462: 0 | N462: 0 | O462: 9 | P462: 2 | Q462: 3 | R462: 1 | S462: 8 | T462: 4 | U462: 0 | V462: 1 | W462: 0 | X462: 0 | Y462: 0 | Z462: 0 | AA462: 0 | AB462: Spain | AC462: =YEAR(TODAY()) - B462 -> 58 | AD462: =SUM(J462:O462) -> 306 | AE462: =SUM(P462:T462) -> 18 | AF462: =IF(Table2[[#This Row],[ Income ]]<=30000, "Low Income",IF(Table2[[#This Row],[ Income ]]<=60000,"Middle Income",IF(Table2[[#This Row],[ Income ]]<=90000,"High Income","Premium"))) -> Middle Income | AG462: =IF(Table2[[#This Row],[Age]]<30,"Young Adults", IF(Table2[[#This Row],[Age]]<45,"Adults",IF(Table2[[#This Row],[Age]]<60,"Middle Aged", "Senior"))) -> Middle Aged | AH462: =IF(Table2[[#This Row],[Recency]]<31,"Active",IF(Table2[[#This Row],[Recency]]<61, "Warm","At Risk")) -> Active | AI462: =IF(Table2[[#This Row],[Total Spend]]<70,"Low Value", IF(Table2[[#This Row],[Total Spend]]<370,"Medium Value",IF(Table2[[#This Row],[Total Spend]]<1047,"High Value","VIP"))) -> Medium Value | AJ462: =SUM(Table2[[#This Row],[AcceptedCmp3]:[Response]]) -> 1 | AK462: =IF(Table2[[#This Row],[Total Campaigns Accepted]]=0,"Never Responded", IF(Table2[[#This Row],[Total Campaigns Accepted]]<3,"Occasional Responders","Frequent Responders")) -> Occasional Responders
A463: 4322 | B463: 1958 | C463: PhD | D463: Together | E463: 77863 | F463: 0 | G463: 0 | H463: 41605 | I463: 20 | J463: 881 | K463: 38 | L463: 319 | M463: 16 | N463: 25 | O463: 12 | P463: 1 | Q463: 4 | R463: 5 | S463: 10 | T463: 2 | U463: 0 | V463: 0 | W463: 0 | X463: 0 | Y463: 0 | Z463: 0 | AA463: 0 | AB463: Spain | AC463: =YEAR(TODAY()) - B463 -> 68 | AD463: =SUM(J463:O463) -> 1291 | AE463: =SUM(P463:T463) -> 22 | AF463: =IF(Table2[[#This Row],[ Income ]]<=30000, "Low Income",IF(Table2[[#This Row],[ Income ]]<=60000,"Middle Income",IF(Table2[[#This Row],[ Income ]]<=90000,"High Income","Premium"))) -> High Income | AG463: =IF(Table2[[#This Row],[Age]]<30,"Young Adults", IF(Table2[[#This Row],[Age]]<45,"Adults",IF(Table2[[#This Row],[Age]]<60,"Middle Aged", "Senior"))) -> Senior | AH463: =IF(Table2[[#This Row],[Recency]]<31,"Active",IF(Table2[[#This Row],[Recency]]<61, "Warm","At Risk")) -> Active | AI463: =IF(Table2[[#This Row],[Total Spend]]<70,"Low Value", IF(Table2[[#This Row],[Total Spend]]<370,"Medium Value",IF(Table2[[#This Row],[Total Spend]]<1047,"High Value","VIP"))) -> VIP | AJ463: =SUM(Table2[[#This Row],[AcceptedCmp3]:[Response]]) -> 0 | AK463: =IF(Table2[[#This Row],[Total Campaigns Accepted]]=0,"Never Responded", IF(Table2[[#This Row],[Total Campaigns Accepted]]<3,"Occasional Responders","Frequent Responders")) -> Never Responded
... A526: 10711 | B526: 1945 | C526: Graduation | D526: Married | E526: 69755 | F526: 0 | G526: 0 | H526: 41549 | I526: 23 | J526: 217 | K526: 77 | L526: 373 | M526: 111 | N526: 23 | O526: 93 | P526: 1 | Q526: 3 | R526: 6 | S526: 12 | T526: 1 | U526: 0 | V526: 0 | W526: 0 | X526: 0 | Y526: 0 | Z526: 0 | AA526: 0 | AB526: Saudi Arabia | AC526: =YEAR(TODAY()) - B526 -> 81 | AD526: =SUM(J526:O526) -> 894 | AE526: =SUM(P526:T526) -> 23 | AF526: =IF(Table2[[#This Row],[ Income ]]<=30000, "Low Income",IF(Table2[[#This Row],[ Income ]]<=60000,"Middle Income",IF(Table2[[#This Row],[ Income ]]<=90000,"High Income","Premium"))) -> High Income | AG526: =IF(Table2[[#This Row],[Age]]<30,"Young Adults", IF(Table2[[#This Row],[Age]]<45,"Adults",IF(Table2[[#This Row],[Age]]<60,"Middle Aged", "Senior"))) -> Senior | AH526: =IF(Table2[[#This Row],[Recency]]<31,"Active",IF(Table2[[#This Row],[Recency]]<61, "Warm","At Risk")) -> Active | AI526: =IF(Table2[[#This Row],[Total Spend]]<70,"Low Value", IF(Table2[[#This Row],[Total Spend]]<370,"Medium Value",IF(Table2[[#This Row],[Total Spend]]<1047,"High Value","VIP"))) -> High Value | AJ526: =SUM(Table2[[#This Row],[AcceptedCmp3]:[Response]]) -> 0 | AK526: =IF(Table2[[#This Row],[Total Campaigns Accepted]]=0,"Never Responded", IF(Table2[[#This Row],[Total Campaigns Accepted]]<3,"Occasional Responders","Frequent Responders")) -> Never Responded
A527: 8268 | B527: 1961 | C527: PhD | D527: Married | F527: 0 | G527: 1 | H527: 41466 | I527: 23 | J527: 352 | K527: 0 | L527: 27 | M527: 10 | N527: 0 | O527: 15 | P527: 3 | Q527: 6 | R527: 1 | S527: 7 | T527: 6 | U527: 0 | V527: 0 | W527: 0 | X527: 0 | Y527: 0 | Z527: 0 | AA527: 0 | AB527: Canada | AC527: =YEAR(TODAY()) - B527 -> 65 | AD527: =SUM(J527:O527) -> 404 | AE527: =SUM(P527:T527) -> 23 | AF527: =IF(Table2[[#This Row],[ Income ]]<=30000, "Low Income",IF(Table2[[#This Row],[ Income ]]<=60000,"Middle Income",IF(Table2[[#This Row],[ Income ]]<=90000,"High Income","Premium"))) -> Low Income | AG527: =IF(Table2[[#This Row],[Age]]<30,"Young Adults", IF(Table2[[#This Row],[Age]]<45,"Adults",IF(Table2[[#This Row],[Age]]<60,"Middle Aged", "Senior"))) -> Senior | AH527: =IF(Table2[[#This Row],[Recency]]<31,"Active",IF(Table2[[#This Row],[Recency]]<61, "Warm","At Risk")) -> Active | AI527: =IF(Table2[[#This Row],[Total Spend]]<70,"Low Value", IF(Table2[[#This Row],[Total Spend]]<370,"Medium Value",IF(Table2[[#This Row],[Total Spend]]<1047,"High Value","VIP"))) -> High Value | AJ527: =SUM(Table2[[#This Row],[AcceptedCmp3]:[Response]]) -> 0 | AK527: =IF(Table2[[#This Row],[Total Campaigns Accepted]]=0,"Never Responded", IF(Table2[[#This Row],[Total Campaigns Accepted]]<3,"Occasional Responders","Frequent Responders")) -> Never Responded
A528: 2782 | B528: 1961 | C528: PhD | D528: Married | E528: 54456 | F528: 0 | G528: 1 | H528: 41466 | I528: 23 | J528: 352 | K528: 0 | L528: 27 | M528: 10 | N528: 0 | O528: 15 | P528: 3 | Q528: 6 | R528: 1 | S528: 7 | T528: 6 | U528: 0 | V528: 0 | W528: 0 | X528: 0 | Y528: 0 | Z528: 0 | AA528: 0 | AB528: Spain | AC528: =YEAR(TODAY()) - B528 -> 65 | AD528: =SUM(J528:O528) -> 404 | AE528: =SUM(P528:T528) -> 23 | AF528: =IF(Table2[[#This Row],[ Income ]]<=30000, "Low Income",IF(Table2[[#This Row],[ Income ]]<=60000,"Middle Income",IF(Table2[[#This Row],[ Income ]]<=90000,"High Income","Premium"))) -> Middle Income | AG528: =IF(Table2[[#This Row],[Age]]<30,"Young Adults", IF(Table2[[#This Row],[Age]]<45,"Adults",IF(Table2[[#This Row],[Age]]<60,"Middle Aged", "Senior"))) -> Senior | AH528: =IF(Table2[[#This Row],[Recency]]<31,"Active",IF(Table2[[#This Row],[Recency]]<61, "Warm","At Risk")) -> Active | AI528: =IF(Table2[[#This Row],[Total Spend]]<70,"Low Value", IF(Table2[[#This Row],[Total Spend]]<370,"Medium Value",IF(Table2[[#This Row],[Total Spend]]<1047,"High Value","VIP"))) -> High Value | AJ528: =SUM(Table2[[#This Row],[AcceptedCmp3]:[Response]]) -> 0 | AK528: =IF(Table2[[#This Row],[Total Campaigns Accepted]]=0,"Never Responded", IF(Table2[[#This Row],[Total Campaigns Accepted]]<3,"Occasional Responders","Frequent Responders")) -> Never Responded
A529: 9432 | B529: 1977 | C529: Graduation | D529: Together | E529: 666666 | F529: 1 | G529: 0 | H529: 41427 | I529: 23 | J529: 9 | K529: 14 | L529: 18 | M529: 8 | N529: 1 | O529: 12 | P529: 4 | Q529: 3 | R529: 1 | S529: 3 | T529: 6 | U529: 0 | V529: 0 | W529: 0 | X529: 0 | Y529: 0 | Z529: 0 | AA529: 0 | AB529: Saudi Arabia | AC529: =YEAR(TODAY()) - B529 -> 49 | AD529: =SUM(J529:O529) -> 62 | AE529: =SUM(P529:T529) -> 17 | AF529: =IF(Table2[[#This Row],[ Income ]]<=30000, "Low Income",IF(Table2[[#This Row],[ Income ]]<=60000,"Middle Income",IF(Table2[[#This Row],[ Income ]]<=90000,"High Income","Premium"))) -> Premium | AG529: =IF(Table2[[#This Row],[Age]]<30,"Young Adults", IF(Table2[[#This Row],[Age]]<45,"Adults",IF(Table2[[#This Row],[Age]]<60,"Middle Aged", "Senior"))) -> Middle Aged | AH529: =IF(Table2[[#This Row],[Recency]]<31,"Active",IF(Table2[[#This Row],[Recency]]<61, "Warm","At Risk")) -> Active | AI529: =IF(Table2[[#This Row],[Total Spend]]<70,"Low Value", IF(Table2[[#This Row],[Total Spend]]<370,"Medium Value",IF(Table2[[#This Row],[Total Spend]]<1047,"High Value","VIP"))) -> Low Value | AJ529: =SUM(Table2[[#This Row],[AcceptedCmp3]:[Response]]) -> 0 | AK529: =IF(Table2[[#This Row],[Total Campaigns Accepted]]=0,"Never Responded", IF(Table2[[#This Row],[Total Campaigns Accepted]]<3,"Occasional Responders","Frequent Responders")) -> Never Responded
A530: 5872 | B530: 1951 | C530: Graduation | D530: Single | E530: 60689 | F530: 0 | G530: 1 | H530: 41426 | I530: 23 | J530: 240 | K530: 90 | L530: 216 | M530: 63 | N530: 6 | O530: 24 | P530: 4 | Q530: 4 | R530: 4 | S530: 10 | T530: 3 | U530: 0 | V530: 0 | W530: 0 | X530: 0 | Y530: 0 | Z530: 0 | AA530: 0 | AB530: USA | AC530: =YEAR(TODAY()) - B530 -> 75 | AD530: =SUM(J530:O530) -> 639 | AE530: =SUM(P530:T530) -> 25 | AF530: =IF(Table2[[#This Row],[ Income ]]<=30000, "Low Income",IF(Table2[[#This Row],[ Income ]]<=60000,"Middle Income",IF(Table2[[#This Row],[ Income ]]<=90000,"High Income","Premium"))) -> High Income | AG530: =IF(Table2[[#This Row],[Age]]<30,"Young Adults", IF(Table2[[#This Row],[Age]]<45,"Adults",IF(Table2[[#This Row],[Age]]<60,"Middle Aged", "Senior"))) -> Senior | AH530: =IF(Table2[[#This Row],[Recency]]<31,"Active",IF(Table2[[#This Row],[Recency]]<61, "Warm","At Risk")) -> Active | AI530: =IF(Table2[[#This Row],[Total Spend]]<70,"Low Value", IF(Table2[[#This Row],[Total Spend]]<370,"Medium Value",IF(Table2[[#This Row],[Total Spend]]<1047,"High Value","VIP"))) -> High Value | AJ530: =SUM(Table2[[#This Row],[AcceptedCmp3]:[Response]]) -> 0 | AK530: =IF(Table2[[#This Row],[Total Campaigns Accepted]]=0,"Never Responded", IF(Table2[[#This Row],[Total Campaigns Accepted]]<3,"Occasional Responders","Frequent Responders")) -> Never Responded
A531: 11187 | B531: 1978 | C531: Basic | D531: Single | E531: 26487 | F531: 1 | G531: 0 | H531: 41414 | I531: 23 | J531: 2 | K531: 8 | L531: 10 | M531: 12 | N531: 14 | O531: 23 | P531: 3 | Q531: 2 | R531: 1 | S531: 3 | T531: 5 | U531: 0 | V531: 0 | W531: 0 | X531: 0 | Y531: 0 | Z531: 0 | AA531: 0 | AB531: Canada | AC531: =YEAR(TODAY()) - B531 -> 48 | AD531: =SUM(J531:O531) -> 69 | AE531: =SUM(P531:T531) -> 14 | AF531: =IF(Table2[[#This Row],[ Income ]]<=30000, "Low Income",IF(Table2[[#This Row],[ Income ]]<=60000,"Middle Income",IF(Table2[[#This Row],[ Income ]]<=90000,"High Income","Premium"))) -> Low Income | AG531: =IF(Table2[[#This Row],[Age]]<30,"Young Adults", IF(Table2[[#This Row],[Age]]<45,"Adults",IF(Table2[[#This Row],[Age]]<60,"Middle Aged", "Senior"))) -> Middle Aged | AH531: =IF(Table2[[#This Row],[Recency]]<31,"Active",IF(Table2[[#This Row],[Recency]]<61, "Warm","At Risk")) -> Active | AI531: =IF(Table2[[#This Row],[Total Spend]]<70,"Low Value", IF(Table2[[#This Row],[Total Spend]]<370,"Medium Value",IF(Table2[[#This Row],[Total Spend]]<1047,"High Value","VIP"))) -> Low Value | AJ531: =SUM(Table2[[#This Row],[AcceptedCmp3]:[Response]]) -> 0 | AK531: =IF(Table2[[#This Row],[Total Campaigns Accepted]]=0,"Never Responded", IF(Table2[[#This Row],[Total Campaigns Accepted]]<3,"Occasional Responders","Frequent Responders")) -> Never Responded
A532: 2428 | B532: 1970 | C532: Graduation | D532: Married | E532: 28164 | F532: 1 | G532: 0 | H532: 41398 | I532: 23 | J532: 3 | K532: 18 | L532: 26 | M532: 11 | N532: 8 | O532: 12 | P532: 3 | Q532: 2 | R532: 0 | S532: 4 | T532: 7 | U532: 0 | V532: 0 | W532: 0 | X532: 0 | Y532: 0 | Z532: 0 | AA532: 0 | AB532: Germany | AC532: =YEAR(TODAY()) - B532 -> 56 | AD532: =SUM(J532:O532) -> 78 | AE532: =SUM(P532:T532) -> 16 | AF532: =IF(Table2[[#This Row],[ Income ]]<=30000, "Low Income",IF(Table2[[#This Row],[ Income ]]<=60000,"Middle Income",IF(Table2[[#This Row],[ Income ]]<=90000,"High Income","Premium"))) -> Low Income | AG532: =IF(Table2[[#This Row],[Age]]<30,"Young Adults", IF(Table2[[#This Row],[Age]]<45,"Adults",IF(Table2[[#This Row],[Age]]<60,"Middle Aged", "Senior"))) -> Middle Aged | AH532: =IF(Table2[[#This Row],[Recency]]<31,"Active",IF(Table2[[#This Row],[Recency]]<61, "Warm","At Risk")) -> Active | AI532: =IF(Table2[[#This Row],[Total Spend]]<70,"Low Value", IF(Table2[[#This Row],[Total Spend]]<370,"Medium Value",IF(Table2[[#This Row],[Total Spend]]<1047,"High Value","VIP"))) -> Medium Value | AJ532: =SUM(Table2[[#This Row],[AcceptedCmp3]:[Response]]) -> 0 | AK532: =IF(Table2[[#This Row],[Total Campaigns Accepted]]=0,"Never Responded", IF(Table2[[#This Row],[Total Campaigns Accepted]]<3,"Occasional Responders","Frequent Responders")) -> Never Responded
A533: 1726 | B533: 1970 | C533: Graduation | D533: Single | E533: 22585 | F533: 0 | G533: 0 | H533: 41351 | I533: 23 | J533: 3 | K533: 9 | L533: 15 | M533: 13 | N533: 2 | O533: 39 | P533: 1 | Q533: 1 | R533: 1 | S533: 2 | T533: 9 | U533: 1 | V533: 0 | W533: 0 | X533: 0 | Y533: 0 | Z533: 1 | AA533: 0 | AB533: Spain | AC533: =YEAR(TODAY()) - B533 -> 56 | AD533: =SUM(J533:O533) -> 81 | AE533: =SUM(P533:T533) -> 14 | AF533: =IF(Table2[[#This Row],[ Income ]]<=30000, "Low Income",IF(Table2[[#This Row],[ Income ]]<=60000,"Middle Income",IF(Table2[[#This Row],[ Income ]]<=90000,"High Income","Premium"))) -> Low Income | AG533: =IF(Table2[[#This Row],[Age]]<30,"Young Adults", IF(Table2[[#This Row],[Age]]<45,"Adults",IF(Table2[[#This Row],[Age]]<60,"Middle Aged", "Senior"))) -> Middle Aged | AH533: =IF(Table2[[#This Row],[Recency]]<31,"Active",IF(Table2[[#This Row],[Recency]]<61, "Warm","At Risk")) -> Active | AI533: =IF(Table2[[#This Row],[Total Spend]]<70,"Low Value", IF(Table2[[#This Row],[Total Spend]]<370,"Medium Value",IF(Table2[[#This Row],[Total Spend]]<1047,"High Value","VIP"))) -> Medium Value | AJ533: =SUM(Table2[[#This Row],[AcceptedCmp3]:[Response]]) -> 2 | AK533: =IF(Table2[[#This Row],[Total Campaigns Accepted]]=0,"Never Responded", IF(Table2[[#This Row],[Total Campaigns Accepted]]<3,"Occasional Responders","Frequent Responders")) -> Occasional Responders
A534: 1802 | B534: 1971 | C534: Graduation | D534: Married | E534: 64795 | F534: 0 | G534: 1 | H534: 41291 | I534: 23 | J534: 412 | K534: 5 | L534: 119 | M534: 38 | N534: 29 | O534: 77 | P534: 3 | Q534: 3 | R534: 3 | S534: 12 | T534: 2 | U534: 0 | V534: 0 | W534: 0 | X534: 0 | Y534: 0 | Z534: 0 | AA534: 0 | AB534: Spain | AC534: =YEAR(TODAY()) - B534 -> 55 | AD534: =SUM(J534:O534) -> 680 | AE534: =SUM(P534:T534) -> 23 | AF534: =IF(Table2[[#This Row],[ Income ]]<=30000, "Low Income",IF(Table2[[#This Row],[ Income ]]<=60000,"Middle Income",IF(Table2[[#This Row],[ Income ]]<=90000,"High Income","Premium"))) -> High Income | AG534: =IF(Table2[[#This Row],[Age]]<30,"Young Adults", IF(Table2[[#This Row],[Age]]<45,"Adults",IF(Table2[[#This Row],[Age]]<60,"Middle Aged", "Senior"))) -> Middle Aged | AH534: =IF(Table2[[#This Row],[Recency]]<31,"Active",IF(Table2[[#This Row],[Recency]]<61, "Warm","At Risk")) -> Active | AI534: =IF(Table2[[#This Row],[Total Spend]]<70,"Low Value", IF(Table2[[#This Row],[Total Spend]]<370,"Medium Value",IF(Table2[[#This Row],[Total Spend]]<1047,"High Value","VIP"))) -> High Value | AJ534: =SUM(Table2[[#This Row],[AcceptedCmp3]:[Response]]) -> 0 | AK534: =IF(Table2[[#This Row],[Total Campaigns Accepted]]=0,"Never Responded", IF(Table2[[#This Row],[Total Campaigns Accepted]]<3,"Occasional Responders","Frequent Responders")) -> Never Responded
A535: 1162 | B535: 1987 | C535: PhD | D535: Single | E535: 42000 | F535: 0 | G535: 0 | H535: 41284 | I535: 23 | J535: 124 | K535: 83 | L535: 267 | M535: 85 | N535: 59 | O535: 35 | P535: 2 | Q535: 5 | R535: 2 | S535: 11 | T535: 5 | U535: 0 | V535: 0 | W535: 0 | X535: 0 | Y535: 0 | Z535: 1 | AA535: 0 | AB535: Spain | AC535: =YEAR(TODAY()) - B535 -> 39 | AD535: =SUM(J535:O535) -> 653 | AE535: =SUM(P535:T535) -> 25 | AF535: =IF(Table2[[#This Row],[ Income ]]<=30000, "Low Income",IF(Table2[[#This Row],[ Income ]]<=60000,"Middle Income",IF(Table2[[#This Row],[ Income ]]<=90000,"High Income","Premium"))) -> Middle Income | AG535: =IF(Table2[[#This Row],[Age]]<30,"Young Adults", IF(Table2[[#This Row],[Age]]<45,"Adults",IF(Table2[[#This Row],[Age]]<60,"Middle Aged", "Senior"))) -> Adults | AH535: =IF(Table2[[#This Row],[Recency]]<31,"Active",IF(Table2[[#This Row],[Recency]]<61, "Warm","At Risk")) -> Active | AI535: =IF(Table2[[#This Row],[Total Spend]]<70,"Low Value", IF(Table2[[#This Row],[Total Spend]]<370,"Medium Value",IF(Table2[[#This Row],[Total Spend]]<1047,"High Value","VIP"))) -> High Value | AJ535: =SUM(Table2[[#This Row],[AcceptedCmp3]:[Response]]) -> 1 | AK535: =IF(Table2[[#This Row],[Total Campaigns Accepted]]=0,"Never Responded", IF(Table2[[#This Row],[Total Campaigns Accepted]]<3,"Occasional Responders","Frequent Responders")) -> Occasional Responders
A536: 10643 | B536: 1987 | C536: PhD | D536: Single | E536: 42000 | F536: 0 | G536: 0 | H536: 41284 | I536: 23 | J536: 124 | K536: 83 | L536: 267 | M536: 85 | N536: 59 | O536: 35 | P536: 2 | Q536: 5 | R536: 2 | S536: 11 | T536: 5 | U536: 0 | V536: 0 | W536: 0 | X536: 0 | Y536: 0 | Z536: 1 | AA536: 0 | AB536: Australia | AC536: =YEAR(TODAY()) - B536 -> 39 | AD536: =SUM(J536:O536) -> 653 | AE536: =SUM(P536:T536) -> 25 | AF536: =IF(Table2[[#This Row],[ Income ]]<=30000, "Low Income",IF(Table2[[#This Row],[ Income ]]<=60000,"Middle Income",IF(Table2[[#This Row],[ Income ]]<=90000,"High Income","Premium"))) -> Middle Income | AG536: =IF(Table2[[#This Row],[Age]]<30,"Young Adults", IF(Table2[[#This Row],[Age]]<45,"Adults",IF(Table2[[#This Row],[Age]]<60,"Middle Aged", "Senior"))) -> Adults | AH536: =IF(Table2[[#This Row],[Recency]]<31,"Active",IF(Table2[[#This Row],[Recency]]<61, "Warm","At Risk")) -> Active | AI536: =IF(Table2[[#This Row],[Total Spend]]<70,"Low Value", IF(Table2[[#This Row],[Total Spend]]<370,"Medium Value",IF(Table2[[#This Row],[Total Spend]]<1047,"High Value","VIP"))) -> High Value | AJ536: =SUM(Table2[[#This Row],[AcceptedCmp3]:[Response]]) -> 1 | AK536: =IF(Table2[[#This Row],[Total Campaigns Accepted]]=0,"Never Responded", IF(Table2[[#This Row],[Total Campaigns Accepted]]<3,"Occasional Responders","Frequent Responders")) -> Occasional Responders
A537: 11112 | B537: 1966 | C537: Graduation | D537: Together | E537: 70713 | F537: 0 | G537: 1 | H537: 41246 | I537: 23 | J537: 736 | K537: 114 | L537: 279 | M537: 82 | N537: 76 | O537: 190 | P537: 6 | Q537: 5 | R537: 6 | S537: 8 | T537: 3 | U537: 0 | V537: 0 | W537: 0 | X537: 0 | Y537: 0 | Z537: 0 | AA537: 0 | AB537: Spain | AC537: =YEAR(TODAY()) - B537 -> 60 | AD537: =SUM(J537:O537) -> 1477 | AE537: =SUM(P537:T537) -> 28 | AF537: =IF(Table2[[#This Row],[ Income ]]<=30000, "Low Income",IF(Table2[[#This Row],[ Income ]]<=60000,"Middle Income",IF(Table2[[#This Row],[ Income ]]<=90000,"High Income","Premium"))) -> High Income | AG537: =IF(Table2[[#This Row],[Age]]<30,"Young Adults", IF(Table2[[#This Row],[Age]]<45,"Adults",IF(Table2[[#This Row],[Age]]<60,"Middle Aged", "Senior"))) -> Senior | AH537: =IF(Table2[[#This Row],[Recency]]<31,"Active",IF(Table2[[#This Row],[Recency]]<61, "Warm","At Risk")) -> Active | AI537: =IF(Table2[[#This Row],[Total Spend]]<70,"Low Value", IF(Table2[[#This Row],[Total Spend]]<370,"Medium Value",IF(Table2[[#This Row],[Total Spend]]<1047,"High Value","VIP"))) -> VIP | AJ537: =SUM(Table2[[#This Row],[AcceptedCmp3]:[Response]]) -> 0 | AK537: =IF(Table2[[#This Row],[Total Campaigns Accepted]]=0,"Never Responded", IF(Table2[[#This Row],[Total Campaigns Accepted]]<3,"Occasional Responders","Frequent Responders")) -> Never Responded
A538: 2114 | B538: 1946 | C538: PhD | D538: Single | E538: 82800 | F538: 0 | G538: 0 | H538: 41237 | I538: 23 | J538: 1006 | K538: 22 | L538: 115 | M538: 59 | N538: 68 | O538: 45 | P538: 1 | Q538: 7 | R538: 6 | S538: 12 | T538: 3 | U538: 0 | V538: 0 | W538: 1 | X538: 1 | Y538: 0 | Z538: 1 | AA538: 0 | AB538: USA | AC538: =YEAR(TODAY()) - B538 -> 80 | AD538: =SUM(J538:O538) -> 1315 | AE538: =SUM(P538:T538) -> 29 | AF538: =IF(Table2[[#This Row],[ Income ]]<=30000, "Low Income",IF(Table2[[#This Row],[ Income ]]<=60000,"Middle Income",IF(Table2[[#This Row],[ Income ]]<=90000,"High Income","Premium"))) -> High Income | AG538: =IF(Table2[[#This Row],[Age]]<30,"Young Adults", IF(Table2[[#This Row],[Age]]<45,"Adults",IF(Table2[[#This Row],[Age]]<60,"Middle Aged", "Senior"))) -> Senior | AH538: =IF(Table2[[#This Row],[Recency]]<31,"Active",IF(Table2[[#This Row],[Recency]]<61, "Warm","At Risk")) -> Active | AI538: =IF(Table2[[#This Row],[Total Spend]]<70,"Low Value", IF(Table2[[#This Row],[Total Spend]]<370,"Medium Value",IF(Table2[[#This Row],[Total Spend]]<1047,"High Value","VIP"))) -> VIP | AJ538: =SUM(Table2[[#This Row],[AcceptedCmp3]:[Response]]) -> 3 | AK538: =IF(Table2[[#This Row],[Total Campaigns Accepted]]=0,"Never Responded", IF(Table2[[#This Row],[Total Campaigns Accepted]]<3,"Occasional Responders","Frequent Responders")) -> Frequent Responders
A539: 4261 | B539: 1946 | C539: PhD | D539: Single | E539: 82800 | F539: 0 | G539: 0 | H539: 41237 | I539: 23 | J539: 1006 | K539: 22 | L539: 115 | M539: 59 | N539: 68 | O539: 45 | P539: 1 | Q539: 7 | R539: 6 | S539: 12 | T539: 3 | U539: 0 | V539: 0 | W539: 1 | X539: 1 | Y539: 0 | Z539: 1 | AA539: 0 | AB539: Saudi Arabia | AC539: =YEAR(TODAY()) - B539 -> 80 | AD539: =SUM(J539:O539) -> 1315 | AE539: =SUM(P539:T539) -> 29 | AF539: =IF(Table2[[#This Row],[ Income ]]<=30000, "Low Income",IF(Table2[[#This Row],[ Income ]]<=60000,"Middle Income",IF(Table2[[#This Row],[ Income ]]<=90000,"High Income","Premium"))) -> High Income | AG539: =IF(Table2[[#This Row],[Age]]<30,"Young Adults", IF(Table2[[#This Row],[Age]]<45,"Adults",IF(Table2[[#This Row],[Age]]<60,"Middle Aged", "Senior"))) -> Senior | AH539: =IF(Table2[[#This Row],[Recency]]<31,"Active",IF(Table2[[#This Row],[Recency]]<61, "Warm","At Risk")) -> Active | AI539: =IF(Table2[[#This Row],[Total Spend]]<70,"Low Value", IF(Table2[[#This Row],[Total Spend]]<370,"Medium Value",IF(Table2[[#This Row],[Total Spend]]<1047,"High Value","VIP"))) -> VIP | AJ539: =SUM(Table2[[#This Row],[AcceptedCmp3]:[Response]]) -> 3 | AK539: =IF(Table2[[#This Row],[Total Campaigns Accepted]]=0,"Never Responded", IF(Table2[[#This Row],[Total Campaigns Accepted]]<3,"Occasional Responders","Frequent Responders")) -> Frequent Responders
... A591: 1351 | B591: 1956 | C591: Master | D591: Together | E591: 58656 | F591: 0 | G591: 1 | H591: 41172 | I591: 25 | J591: 962 | K591: 12 | L591: 194 | M591: 16 | N591: 24 | O591: 12 | P591: 4 | Q591: 7 | R591: 8 | S591: 13 | T591: 6 | U591: 0 | V591: 0 | W591: 1 | X591: 0 | Y591: 0 | Z591: 0 | AA591: 0 | AB591: Spain | AC591: =YEAR(TODAY()) - B591 -> 70 | AD591: =SUM(J591:O591) -> 1220 | AE591: =SUM(P591:T591) -> 38 | AF591: =IF(Table2[[#This Row],[ Income ]]<=30000, "Low Income",IF(Table2[[#This Row],[ Income ]]<=60000,"Middle Income",IF(Table2[[#This Row],[ Income ]]<=90000,"High Income","Premium"))) -> Middle Income | AG591: =IF(Table2[[#This Row],[Age]]<30,"Young Adults", IF(Table2[[#This Row],[Age]]<45,"Adults",IF(Table2[[#This Row],[Age]]<60,"Middle Aged", "Senior"))) -> Senior | AH591: =IF(Table2[[#This Row],[Recency]]<31,"Active",IF(Table2[[#This Row],[Recency]]<61, "Warm","At Risk")) -> Active | AI591: =IF(Table2[[#This Row],[Total Spend]]<70,"Low Value", IF(Table2[[#This Row],[Total Spend]]<370,"Medium Value",IF(Table2[[#This Row],[Total Spend]]<1047,"High Value","VIP"))) -> VIP | AJ591: =SUM(Table2[[#This Row],[AcceptedCmp3]:[Response]]) -> 1 | AK591: =IF(Table2[[#This Row],[Total Campaigns Accepted]]=0,"Never Responded", IF(Table2[[#This Row],[Total Campaigns Accepted]]<3,"Occasional Responders","Frequent Responders")) -> Occasional Responders
A592: 10629 | B592: 1973 | C592: 2n Cycle | D592: Married | F592: 1 | G592: 0 | H592: 41166 | I592: 25 | J592: 25 | K592: 3 | L592: 43 | M592: 17 | N592: 4 | O592: 17 | P592: 3 | Q592: 3 | R592: 0 | S592: 3 | T592: 8 | U592: 0 | V592: 0 | W592: 0 | X592: 0 | Y592: 0 | Z592: 0 | AA592: 0 | AB592: Germany | AC592: =YEAR(TODAY()) - B592 -> 53 | AD592: =SUM(J592:O592) -> 109 | AE592: =SUM(P592:T592) -> 17 | AF592: =IF(Table2[[#This Row],[ Income ]]<=30000, "Low Income",IF(Table2[[#This Row],[ Income ]]<=60000,"Middle Income",IF(Table2[[#This Row],[ Income ]]<=90000,"High Income","Premium"))) -> Low Income | AG592: =IF(Table2[[#This Row],[Age]]<30,"Young Adults", IF(Table2[[#This Row],[Age]]<45,"Adults",IF(Table2[[#This Row],[Age]]<60,"Middle Aged", "Senior"))) -> Middle Aged | AH592: =IF(Table2[[#This Row],[Recency]]<31,"Active",IF(Table2[[#This Row],[Recency]]<61, "Warm","At Risk")) -> Active | AI592: =IF(Table2[[#This Row],[Total Spend]]<70,"Low Value", IF(Table2[[#This Row],[Total Spend]]<370,"Medium Value",IF(Table2[[#This Row],[Total Spend]]<1047,"High Value","VIP"))) -> Medium Value | AJ592: =SUM(Table2[[#This Row],[AcceptedCmp3]:[Response]]) -> 0 | AK592: =IF(Table2[[#This Row],[Total Campaigns Accepted]]=0,"Never Responded", IF(Table2[[#This Row],[Total Campaigns Accepted]]<3,"Occasional Responders","Frequent Responders")) -> Never Responded
A593: 10395 | B593: 1986 | C593: Basic | D593: Single | E593: 8940 | F593: 1 | G593: 0 | H593: 41143 | I593: 25 | J593: 1 | K593: 45 | L593: 3 | M593: 4 | N593: 6 | O593: 42 | P593: 3 | Q593: 3 | R593: 1 | S593: 3 | T593: 8 | U593: 0 | V593: 0 | W593: 0 | X593: 0 | Y593: 0 | Z593: 0 | AA593: 0 | AB593: Spain | AC593: =YEAR(TODAY()) - B593 -> 40 | AD593: =SUM(J593:O593) -> 101 | AE593: =SUM(P593:T593) -> 18 | AF593: =IF(Table2[[#This Row],[ Income ]]<=30000, "Low Income",IF(Table2[[#This Row],[ Income ]]<=60000,"Middle Income",IF(Table2[[#This Row],[ Income ]]<=90000,"High Income","Premium"))) -> Low Income | AG593: =IF(Table2[[#This Row],[Age]]<30,"Young Adults", IF(Table2[[#This Row],[Age]]<45,"Adults",IF(Table2[[#This Row],[Age]]<60,"Middle Aged", "Senior"))) -> Adults | AH593: =IF(Table2[[#This Row],[Recency]]<31,"Active",IF(Table2[[#This Row],[Recency]]<61, "Warm","At Risk")) -> Active | AI593: =IF(Table2[[#This Row],[Total Spend]]<70,"Low Value", IF(Table2[[#This Row],[Total Spend]]<370,"Medium Value",IF(Table2[[#This Row],[Total Spend]]<1047,"High Value","VIP"))) -> Medium Value | AJ593: =SUM(Table2[[#This Row],[AcceptedCmp3]:[Response]]) -> 0 | AK593: =IF(Table2[[#This Row],[Total Campaigns Accepted]]=0,"Never Responded", IF(Table2[[#This Row],[Total Campaigns Accepted]]<3,"Occasional Responders","Frequent Responders")) -> Never Responded
A594: 6961 | B594: 1974 | C594: Graduation | D594: Married | E594: 26751 | F594: 2 | G594: 0 | H594: 41781 | I594: 26 | J594: 1 | K594: 1 | L594: 5 | M594: 0 | N594: 3 | O594: 1 | P594: 1 | Q594: 1 | R594: 0 | S594: 2 | T594: 8 | U594: 0 | V594: 0 | W594: 0 | X594: 0 | Y594: 0 | Z594: 0 | AA594: 0 | AB594: Spain | AC594: =YEAR(TODAY()) - B594 -> 52 | AD594: =SUM(J594:O594) -> 11 | AE594: =SUM(P594:T594) -> 12 | AF594: =IF(Table2[[#This Row],[ Income ]]<=30000, "Low Income",IF(Table2[[#This Row],[ Income ]]<=60000,"Middle Income",IF(Table2[[#This Row],[ Income ]]<=90000,"High Income","Premium"))) -> Low Income | AG594: =IF(Table2[[#This Row],[Age]]<30,"Young Adults", IF(Table2[[#This Row],[Age]]<45,"Adults",IF(Table2[[#This Row],[Age]]<60,"Middle Aged", "Senior"))) -> Middle Aged | AH594: =IF(Table2[[#This Row],[Recency]]<31,"Active",IF(Table2[[#This Row],[Recency]]<61, "Warm","At Risk")) -> Active | AI594: =IF(Table2[[#This Row],[Total Spend]]<70,"Low Value", IF(Table2[[#This Row],[Total Spend]]<370,"Medium Value",IF(Table2[[#This Row],[Total Spend]]<1047,"High Value","VIP"))) -> Low Value | AJ594: =SUM(Table2[[#This Row],[AcceptedCmp3]:[Response]]) -> 0 | AK594: =IF(Table2[[#This Row],[Total Campaigns Accepted]]=0,"Never Responded", IF(Table2[[#This Row],[Total Campaigns Accepted]]<3,"Occasional Responders","Frequent Responders")) -> Never Responded
A595: 10196 | B595: 1978 | C595: Graduation | D595: Married | E595: 71427 | F595: 2 | G595: 0 | H595: 41710 | I595: 26 | J595: 212 | K595: 123 | L595: 177 | M595: 15 | N595: 64 | O595: 23 | P595: 2 | Q595: 8 | R595: 2 | S595: 8 | T595: 4 | U595: 0 | V595: 0 | W595: 0 | X595: 0 | Y595: 0 | Z595: 0 | AA595: 0 | AB595: USA | AC595: =YEAR(TODAY()) - B595 -> 48 | AD595: =SUM(J595:O595) -> 614 | AE595: =SUM(P595:T595) -> 24 | AF595: =IF(Table2[[#This Row],[ Income ]]<=30000, "Low Income",IF(Table2[[#This Row],[ Income ]]<=60000,"Middle Income",IF(Table2[[#This Row],[ Income ]]<=90000,"High Income","Premium"))) -> High Income | AG595: =IF(Table2[[#This Row],[Age]]<30,"Young Adults", IF(Table2[[#This Row],[Age]]<45,"Adults",IF(Table2[[#This Row],[Age]]<60,"Middle Aged", "Senior"))) -> Middle Aged | AH595: =IF(Table2[[#This Row],[Recency]]<31,"Active",IF(Table2[[#This Row],[Recency]]<61, "Warm","At Risk")) -> Active | AI595: =IF(Table2[[#This Row],[Total Spend]]<70,"Low Value", IF(Table2[[#This Row],[Total Spend]]<370,"Medium Value",IF(Table2[[#This Row],[Total Spend]]<1047,"High Value","VIP"))) -> High Value | AJ595: =SUM(Table2[[#This Row],[AcceptedCmp3]:[Response]]) -> 0 | AK595: =IF(Table2[[#This Row],[Total Campaigns Accepted]]=0,"Never Responded", IF(Table2[[#This Row],[Total Campaigns Accepted]]<3,"Occasional Responders","Frequent Responders")) -> Never Responded
A596: 6182 | B596: 1984 | C596: Graduation | D596: Together | E596: 26646 | F596: 1 | G596: 0 | H596: 41680 | I596: 26 | J596: 11 | K596: 4 | L596: 20 | M596: 10 | N596: 3 | O596: 5 | P596: 2 | Q596: 2 | R596: 0 | S596: 4 | T596: 6 | U596: 0 | V596: 0 | W596: 0 | X596: 0 | Y596: 0 | Z596: 0 | AA596: 0 | AB596: USA | AC596: =YEAR(TODAY()) - B596 -> 42 | AD596: =SUM(J596:O596) -> 53 | AE596: =SUM(P596:T596) -> 14 | AF596: =IF(Table2[[#This Row],[ Income ]]<=30000, "Low Income",IF(Table2[[#This Row],[ Income ]]<=60000,"Middle Income",IF(Table2[[#This Row],[ Income ]]<=90000,"High Income","Premium"))) -> Low Income | AG596: =IF(Table2[[#This Row],[Age]]<30,"Young Adults", IF(Table2[[#This Row],[Age]]<45,"Adults",IF(Table2[[#This Row],[Age]]<60,"Middle Aged", "Senior"))) -> Adults | AH596: =IF(Table2[[#This Row],[Recency]]<31,"Active",IF(Table2[[#This Row],[Recency]]<61, "Warm","At Risk")) -> Active | AI596: =IF(Table2[[#This Row],[Total Spend]]<70,"Low Value", IF(Table2[[#This Row],[Total Spend]]<370,"Medium Value",IF(Table2[[#This Row],[Total Spend]]<1047,"High Value","VIP"))) -> Low Value | AJ596: =SUM(Table2[[#This Row],[AcceptedCmp3]:[Response]]) -> 0 | AK596: =IF(Table2[[#This Row],[Total Campaigns Accepted]]=0,"Never Responded", IF(Table2[[#This Row],[Total Campaigns Accepted]]<3,"Occasional Responders","Frequent Responders")) -> Never Responded
A597: 10432 | B597: 1974 | C597: Graduation | D597: Divorced | E597: 19346 | F597: 1 | G597: 0 | H597: 41669 | I597: 26 | J597: 2 | K597: 0 | L597: 9 | M597: 3 | N597: 6 | O597: 2 | P597: 1 | Q597: 1 | R597: 0 | S597: 3 | T597: 8 | U597: 0 | V597: 0 | W597: 0 | X597: 0 | Y597: 0 | Z597: 0 | AA597: 0 | AB597: Canada | AC597: =YEAR(TODAY()) - B597 -> 52 | AD597: =SUM(J597:O597) -> 22 | AE597: =SUM(P597:T597) -> 13 | AF597: =IF(Table2[[#This Row],[ Income ]]<=30000, "Low Income",IF(Table2[[#This Row],[ Income ]]<=60000,"Middle Income",IF(Table2[[#This Row],[ Income ]]<=90000,"High Income","Premium"))) -> Low Income | AG597: =IF(Table2[[#This Row],[Age]]<30,"Young Adults", IF(Table2[[#This Row],[Age]]<45,"Adults",IF(Table2[[#This Row],[Age]]<60,"Middle Aged", "Senior"))) -> Middle Aged | AH597: =IF(Table2[[#This Row],[Recency]]<31,"Active",IF(Table2[[#This Row],[Recency]]<61, "Warm","At Risk")) -> Active | AI597: =IF(Table2[[#This Row],[Total Spend]]<70,"Low Value", IF(Table2[[#This Row],[Total Spend]]<370,"Medium Value",IF(Table2[[#This Row],[Total Spend]]<1047,"High Value","VIP"))) -> Low Value | AJ597: =SUM(Table2[[#This Row],[AcceptedCmp3]:[Response]]) -> 0 | AK597: =IF(Table2[[#This Row],[Total Campaigns Accepted]]=0,"Never Responded", IF(Table2[[#This Row],[Total Campaigns Accepted]]<3,"Occasional Responders","Frequent Responders")) -> Never Responded
A598: 1542 | B598: 1975 | C598: Graduation | D598: Single | E598: 56243 | F598: 1 | G598: 2 | H598: 41638 | I598: 26 | J598: 347 | K598: 0 | L598: 35 | M598: 4 | N598: 3 | O598: 7 | P598: 6 | Q598: 4 | R598: 2 | S598: 8 | T598: 5 | U598: 0 | V598: 0 | W598: 0 | X598: 0 | Y598: 0 | Z598: 0 | AA598: 0 | AB598: USA | AC598: =YEAR(TODAY()) - B598 -> 51 | AD598: =SUM(J598:O598) -> 396 | AE598: =SUM(P598:T598) -> 25 | AF598: =IF(Table2[[#This Row],[ Income ]]<=30000, "Low Income",IF(Table2[[#This Row],[ Income ]]<=60000,"Middle Income",IF(Table2[[#This Row],[ Income ]]<=90000,"High Income","Premium"))) -> Middle Income | AG598: =IF(Table2[[#This Row],[Age]]<30,"Young Adults", IF(Table2[[#This Row],[Age]]<45,"Adults",IF(Table2[[#This Row],[Age]]<60,"Middle Aged", "Senior"))) -> Middle Aged | AH598: =IF(Table2[[#This Row],[Recency]]<31,"Active",IF(Table2[[#This Row],[Recency]]<61, "Warm","At Risk")) -> Active | AI598: =IF(Table2[[#This Row],[Total Spend]]<70,"Low Value", IF(Table2[[#This Row],[Total Spend]]<370,"Medium Value",IF(Table2[[#This Row],[Total Spend]]<1047,"High Value","VIP"))) -> High Value | AJ598: =SUM(Table2[[#This Row],[AcceptedCmp3]:[Response]]) -> 0 | AK598: =IF(Table2[[#This Row],[Total Campaigns Accepted]]=0,"Never Responded", IF(Table2[[#This Row],[Total Campaigns Accepted]]<3,"Occasional Responders","Frequent Responders")) -> Never Responded
A599: 4220 | B599: 1970 | C599: PhD | D599: Married | E599: 59892 | F599: 0 | G599: 1 | H599: 41580 | I599: 26 | J599: 73 | K599: 0 | L599: 13 | M599: 0 | N599: 1 | O599: 0 | P599: 1 | Q599: 2 | R599: 1 | S599: 3 | T599: 3 | U599: 0 | V599: 0 | W599: 0 | X599: 0 | Y599: 0 | Z599: 0 | AA599: 0 | AB599: Canada | AC599: =YEAR(TODAY()) - B599 -> 56 | AD599: =SUM(J599:O599) -> 87 | AE599: =SUM(P599:T599) -> 10 | AF599: =IF(Table2[[#This Row],[ Income ]]<=30000, "Low Income",IF(Table2[[#This Row],[ Income ]]<=60000,"Middle Income",IF(Table2[[#This Row],[ Income ]]<=90000,"High Income","Premium"))) -> Middle Income | AG599: =IF(Table2[[#This Row],[Age]]<30,"Young Adults", IF(Table2[[#This Row],[Age]]<45,"Adults",IF(Table2[[#This Row],[Age]]<60,"Middle Aged", "Senior"))) -> Middle Aged | AH599: =IF(Table2[[#This Row],[Recency]]<31,"Active",IF(Table2[[#This Row],[Recency]]<61, "Warm","At Risk")) -> Active | AI599: =IF(Table2[[#This Row],[Total Spend]]<70,"Low Value", IF(Table2[[#This Row],[Total Spend]]<370,"Medium Value",IF(Table2[[#This Row],[Total Spend]]<1047,"High Value","VIP"))) -> Medium Value | AJ599: =SUM(Table2[[#This Row],[AcceptedCmp3]:[Response]]) -> 0 | AK599: =IF(Table2[[#This Row],[Total Campaigns Accepted]]=0,"Never Responded", IF(Table2[[#This Row],[Total Campaigns Accepted]]<3,"Occasional Responders","Frequent Responders")) -> Never Responded
A600: 4141 | B600: 1965 | C600: Graduation | D600: Together | E600: 71613 | F600: 0 | G600: 0 | H600: 41507 | I600: 26 | J600: 426 | K600: 49 | L600: 127 | M600: 111 | N600: 21 | O600: 42 | P600: 1 | Q600: 8 | R600: 2 | S600: 10 | T600: 4 | U600: 0 | V600: 0 | W600: 0 | X600: 0 | Y600: 0 | Z600: 0 | AA600: 0 | AB600: USA | AC600: =YEAR(TODAY()) - B600 -> 61 | AD600: =SUM(J600:O600) -> 776 | AE600: =SUM(P600:T600) -> 25 | AF600: =IF(Table2[[#This Row],[ Income ]]<=30000, "Low Income",IF(Table2[[#This Row],[ Income ]]<=60000,"Middle Income",IF(Table2[[#This Row],[ Income ]]<=90000,"High Income","Premium"))) -> High Income | AG600: =IF(Table2[[#This Row],[Age]]<30,"Young Adults", IF(Table2[[#This Row],[Age]]<45,"Adults",IF(Table2[[#This Row],[Age]]<60,"Middle Aged", "Senior"))) -> Senior | AH600: =IF(Table2[[#This Row],[Recency]]<31,"Active",IF(Table2[[#This Row],[Recency]]<61, "Warm","At Risk")) -> Active | AI600: =IF(Table2[[#This Row],[Total Spend]]<70,"Low Value", IF(Table2[[#This Row],[Total Spend]]<370,"Medium Value",IF(Table2[[#This Row],[Total Spend]]<1047,"High Value","VIP"))) -> High Value | AJ600: =SUM(Table2[[#This Row],[AcceptedCmp3]:[Response]]) -> 0 | AK600: =IF(Table2[[#This Row],[Total Campaigns Accepted]]=0,"Never Responded", IF(Table2[[#This Row],[Total Campaigns Accepted]]<3,"Occasional Responders","Frequent Responders")) -> Never Responded
A601: 1940 | B601: 1986 | C601: Graduation | D601: Married | E601: 25252 | F601: 1 | G601: 0 | H601: 41467 | I601: 26 | J601: 1 | K601: 3 | L601: 4 | M601: 2 | N601: 2 | O601: 6 | P601: 1 | Q601: 1 | R601: 0 | S601: 2 | T601: 8 | U601: 0 | V601: 0 | W601: 0 | X601: 0 | Y601: 0 | Z601: 0 | AA601: 0 | AB601: Australia | AC601: =YEAR(TODAY()) - B601 -> 40 | AD601: =SUM(J601:O601) -> 18 | AE601: =SUM(P601:T601) -> 12 | AF601: =IF(Table2[[#This Row],[ Income ]]<=30000, "Low Income",IF(Table2[[#This Row],[ Income ]]<=60000,"Middle Income",IF(Table2[[#This Row],[ Income ]]<=90000,"High Income","Premium"))) -> Low Income | AG601: =IF(Table2[[#This Row],[Age]]<30,"Young Adults", IF(Table2[[#This Row],[Age]]<45,"Adults",IF(Table2[[#This Row],[Age]]<60,"Middle Aged", "Senior"))) -> Adults | AH601: =IF(Table2[[#This Row],[Recency]]<31,"Active",IF(Table2[[#This Row],[Recency]]<61, "Warm","At Risk")) -> Active | AI601: =IF(Table2[[#This Row],[Total Spend]]<70,"Low Value", IF(Table2[[#This Row],[Total Spend]]<370,"Medium Value",IF(Table2[[#This Row],[Total Spend]]<1047,"High Value","VIP"))) -> Low Value | AJ601: =SUM(Table2[[#This Row],[AcceptedCmp3]:[Response]]) -> 0 | AK601: =IF(Table2[[#This Row],[Total Campaigns Accepted]]=0,"Never Responded", IF(Table2[[#This Row],[Total Campaigns Accepted]]<3,"Occasional Responders","Frequent Responders")) -> Never Responded
A602: 1506 | B602: 1975 | C602: Graduation | D602: Single | E602: 42160 | F602: 1 | G602: 1 | H602: 41453 | I602: 26 | J602: 48 | K602: 9 | L602: 45 | M602: 3 | N602: 15 | O602: 20 | P602: 4 | Q602: 2 | R602: 1 | S602: 4 | T602: 6 | U602: 0 | V602: 0 | W602: 0 | X602: 0 | Y602: 0 | Z602: 1 | AA602: 0 | AB602: Spain | AC602: =YEAR(TODAY()) - B602 -> 51 | AD602: =SUM(J602:O602) -> 140 | AE602: =SUM(P602:T602) -> 17 | AF602: =IF(Table2[[#This Row],[ Income ]]<=30000, "Low Income",IF(Table2[[#This Row],[ Income ]]<=60000,"Middle Income",IF(Table2[[#This Row],[ Income ]]<=90000,"High Income","Premium"))) -> Middle Income | AG602: =IF(Table2[[#This Row],[Age]]<30,"Young Adults", IF(Table2[[#This Row],[Age]]<45,"Adults",IF(Table2[[#This Row],[Age]]<60,"Middle Aged", "Senior"))) -> Middle Aged | AH602: =IF(Table2[[#This Row],[Recency]]<31,"Active",IF(Table2[[#This Row],[Recency]]<61, "Warm","At Risk")) -> Active | AI602: =IF(Table2[[#This Row],[Total Spend]]<70,"Low Value", IF(Table2[[#This Row],[Total Spend]]<370,"Medium Value",IF(Table2[[#This Row],[Total Spend]]<1047,"High Value","VIP"))) -> Medium Value | AJ602: =SUM(Table2[[#This Row],[AcceptedCmp3]:[Response]]) -> 1 | AK602: =IF(Table2[[#This Row],[Total Campaigns Accepted]]=0,"Never Responded", IF(Table2[[#This Row],[Total Campaigns Accepted]]<3,"Occasional Responders","Frequent Responders")) -> Occasional Responders
A603: 6347 | B603: 1979 | C603: Basic | D603: Single | E603: 15862 | F603: 1 | G603: 0 | H603: 41452 | I603: 26 | J603: 1 | K603: 1 | L603: 4 | M603: 11 | N603: 9 | O603: 10 | P603: 1 | Q603: 1 | R603: 0 | S603: 3 | T603: 8 | U603: 0 | V603: 0 | W603: 0 | X603: 0 | Y603: 0 | Z603: 0 | AA603: 0 | AB603: Spain | AC603: =YEAR(TODAY()) - B603 -> 47 | AD603: =SUM(J603:O603) -> 36 | AE603: =SUM(P603:T603) -> 13 | AF603: =IF(Table2[[#This Row],[ Income ]]<=30000, "Low Income",IF(Table2[[#This Row],[ Income ]]<=60000,"Middle Income",IF(Table2[[#This Row],[ Income ]]<=90000,"High Income","Premium"))) -> Low Income | AG603: =IF(Table2[[#This Row],[Age]]<30,"Young Adults", IF(Table2[[#This Row],[Age]]<45,"Adults",IF(Table2[[#This Row],[Age]]<60,"Middle Aged", "Senior"))) -> Middle Aged | AH603: =IF(Table2[[#This Row],[Recency]]<31,"Active",IF(Table2[[#This Row],[Recency]]<61, "Warm","At Risk")) -> Active | AI603: =IF(Table2[[#This Row],[Total Spend]]<70,"Low Value", IF(Table2[[#This Row],[Total Spend]]<370,"Medium Value",IF(Table2[[#This Row],[Total Spend]]<1047,"High Value","VIP"))) -> Low Value | AJ603: =SUM(Table2[[#This Row],[AcceptedCmp3]:[Response]]) -> 0 | AK603: =IF(Table2[[#This Row],[Total Campaigns Accepted]]=0,"Never Responded", IF(Table2[[#This Row],[Total Campaigns Accepted]]<3,"Occasional Responders","Frequent Responders")) -> Never Responded
A604: 1361 | B604: 1974 | C604: Master | D604: Married | E604: 82584 | F604: 0 | G604: 0 | H604: 41429 | I604: 26 | J604: 1076 | K604: 68 | L604: 103 | M604: 29 | N604: 91 | O604: 68 | P604: 1 | Q604: 3 | R604: 4 | S604: 8 | T604: 1 | U604: 0 | V604: 1 | W604: 1 | X604: 0 | Y604: 0 | Z604: 1 | AA604: 0 | AB604: Spain | AC604: =YEAR(TODAY()) - B604 -> 52 | AD604: =SUM(J604:O604) -> 1435 | AE604: =SUM(P604:T604) -> 17 | AF604: =IF(Table2[[#This Row],[ Income ]]<=30000, "Low Income",IF(Table2[[#This Row],[ Income ]]<=60000,"Middle Income",IF(Table2[[#This Row],[ Income ]]<=90000,"High Income","Premium"))) -> High Income | AG604: =IF(Table2[[#This Row],[Age]]<30,"Young Adults", IF(Table2[[#This Row],[Age]]<45,"Adults",IF(Table2[[#This Row],[Age]]<60,"Middle Aged", "Senior"))) -> Middle Aged | AH604: =IF(Table2[[#This Row],[Recency]]<31,"Active",IF(Table2[[#This Row],[Recency]]<61, "Warm","At Risk")) -> Active | AI604: =IF(Table2[[#This Row],[Total Spend]]<70,"Low Value", IF(Table2[[#This Row],[Total Spend]]<370,"Medium Value",IF(Table2[[#This Row],[Total Spend]]<1047,"High Value","VIP"))) -> VIP | AJ604: =SUM(Table2[[#This Row],[AcceptedCmp3]:[Response]]) -> 3 | AK604: =IF(Table2[[#This Row],[Total Campaigns Accepted]]=0,"Never Responded", IF(Table2[[#This Row],[Total Campaigns Accepted]]<3,"Occasional Responders","Frequent Responders")) -> Frequent Responders
... A900: 6197 | B900: 1962 | C900: PhD | D900: Single | E900: 27238 | F900: 1 | G900: 1 | H900: 41384 | I900: 39 | J900: 37 | K900: 0 | L900: 17 | M900: 0 | N900: 0 | O900: 3 | P900: 3 | Q900: 3 | R900: 0 | S900: 3 | T900: 9 | U900: 0 | V900: 0 | W900: 0 | X900: 0 | Y900: 0 | Z900: 0 | AA900: 0 | AB900: Spain | AC900: =YEAR(TODAY()) - B900 -> 64 | AD900: =SUM(J900:O900) -> 57 | AE900: =SUM(P900:T900) -> 18 | AF900: =IF(Table2[[#This Row],[ Income ]]<=30000, "Low Income",IF(Table2[[#This Row],[ Income ]]<=60000,"Middle Income",IF(Table2[[#This Row],[ Income ]]<=90000,"High Income","Premium"))) -> Low Income | AG900: =IF(Table2[[#This Row],[Age]]<30,"Young Adults", IF(Table2[[#This Row],[Age]]<45,"Adults",IF(Table2[[#This Row],[Age]]<60,"Middle Aged", "Senior"))) -> Senior | AH900: =IF(Table2[[#This Row],[Recency]]<31,"Active",IF(Table2[[#This Row],[Recency]]<61, "Warm","At Risk")) -> Warm | AI900: =IF(Table2[[#This Row],[Total Spend]]<70,"Low Value", IF(Table2[[#This Row],[Total Spend]]<370,"Medium Value",IF(Table2[[#This Row],[Total Spend]]<1047,"High Value","VIP"))) -> Low Value | AJ900: =SUM(Table2[[#This Row],[AcceptedCmp3]:[Response]]) -> 0 | AK900: =IF(Table2[[#This Row],[Total Campaigns Accepted]]=0,"Never Responded", IF(Table2[[#This Row],[Total Campaigns Accepted]]<3,"Occasional Responders","Frequent Responders")) -> Never Responded
A901: 10475 | B901: 1970 | C901: Master | D901: Together | F901: 0 | G901: 1 | H901: 41365 | I901: 39 | J901: 187 | K901: 5 | L901: 65 | M901: 26 | N901: 20 | O901: 14 | P901: 2 | Q901: 4 | R901: 2 | S901: 6 | T901: 5 | U901: 0 | V901: 0 | W901: 0 | X901: 0 | Y901: 0 | Z901: 0 | AA901: 0 | AB901: USA | AC901: =YEAR(TODAY()) - B901 -> 56 | AD901: =SUM(J901:O901) -> 317 | AE901: =SUM(P901:T901) -> 19 | AF901: =IF(Table2[[#This Row],[ Income ]]<=30000, "Low Income",IF(Table2[[#This Row],[ Income ]]<=60000,"Middle Income",IF(Table2[[#This Row],[ Income ]]<=90000,"High Income","Premium"))) -> Low Income | AG901: =IF(Table2[[#This Row],[Age]]<30,"Young Adults", IF(Table2[[#This Row],[Age]]<45,"Adults",IF(Table2[[#This Row],[Age]]<60,"Middle Aged", "Senior"))) -> Middle Aged | AH901: =IF(Table2[[#This Row],[Recency]]<31,"Active",IF(Table2[[#This Row],[Recency]]<61, "Warm","At Risk")) -> Warm | AI901: =IF(Table2[[#This Row],[Total Spend]]<70,"Low Value", IF(Table2[[#This Row],[Total Spend]]<370,"Medium Value",IF(Table2[[#This Row],[Total Spend]]<1047,"High Value","VIP"))) -> Medium Value | AJ901: =SUM(Table2[[#This Row],[AcceptedCmp3]:[Response]]) -> 0 | AK901: =IF(Table2[[#This Row],[Total Campaigns Accepted]]=0,"Never Responded", IF(Table2[[#This Row],[Total Campaigns Accepted]]<3,"Occasional Responders","Frequent Responders")) -> Never Responded
A902: 4201 | B902: 1962 | C902: Graduation | D902: Single | E902: 57967 | F902: 0 | G902: 1 | H902: 41336 | I902: 39 | J902: 229 | K902: 7 | L902: 137 | M902: 4 | N902: 0 | O902: 91 | P902: 5 | Q902: 4 | R902: 2 | S902: 8 | T902: 5 | U902: 0 | V902: 0 | W902: 0 | X902: 0 | Y902: 0 | Z902: 0 | AA902: 0 | AB902: India | AC902: =YEAR(TODAY()) - B902 -> 64 | AD902: =SUM(J902:O902) -> 468 | AE902: =SUM(P902:T902) -> 24 | AF902: =IF(Table2[[#This Row],[ Income ]]<=30000, "Low Income",IF(Table2[[#This Row],[ Income ]]<=60000,"Middle Income",IF(Table2[[#This Row],[ Income ]]<=90000,"High Income","Premium"))) -> Middle Income | AG902: =IF(Table2[[#This Row],[Age]]<30,"Young Adults", IF(Table2[[#This Row],[Age]]<45,"Adults",IF(Table2[[#This Row],[Age]]<60,"Middle Aged", "Senior"))) -> Senior | AH902: =IF(Table2[[#This Row],[Recency]]<31,"Active",IF(Table2[[#This Row],[Recency]]<61, "Warm","At Risk")) -> Warm | AI902: =IF(Table2[[#This Row],[Total Spend]]<70,"Low Value", IF(Table2[[#This Row],[Total Spend]]<370,"Medium Value",IF(Table2[[#This Row],[Total Spend]]<1047,"High Value","VIP"))) -> High Value | AJ902: =SUM(Table2[[#This Row],[AcceptedCmp3]:[Response]]) -> 0 | AK902: =IF(Table2[[#This Row],[Total Campaigns Accepted]]=0,"Never Responded", IF(Table2[[#This Row],[Total Campaigns Accepted]]<3,"Occasional Responders","Frequent Responders")) -> Never Responded
...

Sheet pivot table sheets
A3: Row Labels | B3: Average of Total Spend | C3: Average of Response | L3: Campaign Summary Table
A4: Premium | B4: 1577.2264 | C4: 0.49056604 | L4: Campaign | M4: Acceptance Rate
A5: High Income | B5: 1185.6155 | C5: 0.19670051 | L5: Accepted Cmp 1 | M5: =AVERAGE('marketing_data (2)'!X2:X2241) -> 0.064285714
A6: Middle Income | B6: 299.21692 | C6: 0.11243781 | L6: Accepted Cmp 2 | M6: =AVERAGE('marketing_data (2)'!Y2:Y2241) -> 0.013392857
A7: Low Income | B7: 97.505076 | C7: 0.10152284 | L7: Accepted Cmp 3 | M7: =AVERAGE('marketing_data (2)'!U2:U2241) -> 0.072767857
A8: Grand Total | B8: 605.79821 | C8: 0.14910714 | L8: Accepted Cmp 4 | M8: =AVERAGE('marketing_data (2)'!V2:V2241) -> 0.074553571
L9: Accepted Cmp 5 | M9: =AVERAGE('marketing_data (2)'!W2:W2241) -> 0.072767857
L10: Last Campaign | M10: =AVERAGE('marketing_data (2)'!Z2:Z2241) -> 0.14910714
A11: Row Labels | B11: Average of Total Spend | C11: Average of Response
A12: Senior | B12: 693.42308 | C12: 0.13846154 | L12: Product Category & Revenue
A13: Adults | B13: 591.72832 | C13: 0.20520231 | L13: Product Category | M13: Total Revenue
A14: Middle Aged | B14: 529.71037 | C14: 0.13922764 | L14: Wines | M14: =SUM('marketing_data (2)'!J2:J2241) -> 680816
A15: Grand Total | B15: 605.79821 | C15: 0.14910714 | L15: Fish | M15: =SUM('marketing_data (2)'!M2:M2241) -> 84057
L16: Meat | M16: =SUM('marketing_data (2)'!L2:L2241) -> 373968
L17: Fruits | M17: =SUM('marketing_data (2)'!K2:K2241) -> 58917
A18: Row Labels | B18: Average of Response | L18: Sweets | M18: =SUM('marketing_data (2)'!N2:N2241) -> 60621
A19: Active | B19: 0.23895028 | L19: Gold | M19: =SUM('marketing_data (2)'!O2:O2241) -> 98609
A20: Warm | B20: 0.13608563
A21: At Risk | B21: 0.083526682
A22: Grand Total | B22: 0.14910714
A25: Row Labels | B25: Average of Response
A26: VIP | B26: 0.3
A27: Medium Value | B27: 0.12075472
A28: High Value | B28: 0.11703959
A29: Low Value | B29: 0.059753954
A30: Grand Total | B30: 0.14910714
A32: Row Labels | B32: Average of Total Spend
A33: Mexico | B33: 1040.6667
A34: Canada | B34: 628.85075
A35: Saudi Arabia | B35: 626.32344
A36: Germany | B36: 624.275
A37: USA | B37: 622.77064
A38: Spain | B38: 604.76712
A39: Australia | B39: 561.01875
A40: India | B40: 537.06081
A41: Grand Total | B41: 605.79821
